"miles","passengers","delay","inflight_meal","inflight_entertainment","inflight_wifi","day_of_week","redeye","weekend","coach_price","firstclass_price","hours","new_miles","new_passengers","new_coach_price","new_firstclass_price"
2015,198,9,"No","Yes","Yes","Friday","No","Yes",419.825,1546.77,4,12030,10213,10434.825,11561.77
661,196,8,"No","Yes","Yes","Saturday","No","Yes",443.145,1520,1,10676,10211,10458.145,11535
2291,221,0,"No","Yes","Yes","Sunday","No","Yes",448.705,1589.03,4,12306,10236,10463.705,11604.03
864,208,25,"No","Yes","Yes","Saturday","No","Yes",397.34,1552.48,2,10879,10223,10412.34,11567.48
2458,224,8,"Yes","Yes","Yes","Monday","No","No",309.45,1402.44,4,12473,10239,10324.45,11417.44
823,206,10,"No","Yes","Yes","Saturday","No","Yes",419.255,1605.09,1,10838,10221,10434.255,11620.09
1733,214,9,"No","Yes","Yes","Saturday","No","Yes",401.905,1562.96,3,11748,10229,10416.905,11577.96
2155,216,36,"No","Yes","Yes","Monday","No","No",290.065,1224.53,4,12170,10231,10305.065,11239.53
2379,208,11,"No","Yes","Yes","Friday","No","Yes",477.145,1579.17,4,12394,10223,10492.145,11594.17
1150,200,11,"Yes","Yes","Yes","Sunday","No","Yes",426.75,1508.09,2,11165,10215,10441.75,11523.09
2054,214,8,"No","No","Yes","Friday","No","Yes",365.72,1457.66,4,12069,10229,10380.72,11472.66
2420,210,11,"Yes","No","Yes","Sunday","No","Yes",398.98,1578.69,4,12435,10225,10413.98,11593.69
649,198,9,"Yes","Yes","Yes","Tuesday","No","No",323.215,1218.94,1,10664,10213,10338.215,11233.94
3158,210,13,"No","Yes","Yes","Sunday","No","Yes",462.7,1656.2,6,13173,10225,10477.7,11671.2
2632,200,0,"No","Yes","Yes","Saturday","No","Yes",443.03,1655.17,5,12647,10215,10458.03,11670.17
1361,205,14,"No","Yes","Yes","Thursday","No","No",300.775,1191.08,2,11376,10220,10315.775,11206.08
702,212,12,"Yes","No","Yes","Sunday","No","Yes",305.73,1461.97,1,10717,10227,10320.73,11476.97
2880,207,10,"No","Yes","Yes","Thursday","No","No",359.07,1326.13,5,12895,10222,10374.07,11341.13
1839,197,12,"No","No","Yes","Sunday","No","Yes",360.395,1411.8,3,11854,10212,10375.395,11426.8
2360,213,11,"No","Yes","Yes","Wednesday","No","No",335.77,1299.42,4,12375,10228,10350.77,11314.42
2526,215,8,"Yes","Yes","Yes","Saturday","No","Yes",439.84,1617.53,5,12541,10230,10454.84,11632.53
1979,206,7,"Yes","Yes","No","Friday","No","Yes",363.435,1524.49,4,11994,10221,10378.435,11539.49
777,208,0,"No","Yes","Yes","Monday","No","No",327.405,1191.08,1,10792,10223,10342.405,11206.08
2899,214,8,"Yes","Yes","Yes","Sunday","No","Yes",422.415,1647.97,5,12914,10229,10437.415,11662.97
3873,213,10,"Yes","Yes","Yes","Friday","No","Yes",504.895,1759.91,7,13888,10228,10519.895,11774.91
731,215,11,"No","Yes","Yes","Saturday","No","Yes",392.765,1484.92,1,10746,10230,10407.765,11499.92
2567,211,0,"No","Yes","Yes","Friday","No","Yes",427.225,1568.57,5,12582,10226,10442.225,11583.57
1963,214,10,"No","Yes","Yes","Sunday","No","Yes",407.865,1639.09,4,11978,10229,10422.865,11654.09
1614,193,14,"Yes","Yes","Yes","Monday","No","No",321.41,1309.39,3,11629,10208,10336.41,11324.39
4285,210,13,"No","Yes","Yes","Sunday","No","Yes",459.345,1654.44,8,14300,10225,10474.345,11669.44
668,202,0,"No","Yes","Yes","Wednesday","No","No",275.17,1163.48,1,10683,10217,10290.17,11178.48
916,222,13,"Yes","Yes","Yes","Wednesday","No","No",322.27,1242.19,2,10931,10237,10337.27,11257.19
1999,222,8,"No","Yes","Yes","Monday","No","No",372.855,1295.51,4,12014,10237,10387.855,11310.51
1161,196,11,"No","Yes","Yes","Sunday","No","Yes",395.865,1585.42,2,11176,10211,10410.865,11600.42
3960,200,9,"No","Yes","Yes","Sunday","No","Yes",515.58,1603.78,7,13975,10215,10530.58,11618.78
2229,213,33,"Yes","Yes","Yes","Tuesday","No","No",371.865,1317.33,4,12244,10228,10386.865,11332.33
1136,202,0,"Yes","Yes","Yes","Wednesday","No","No",343.04,1204.96,2,11151,10217,10358.04,11219.96
879,205,9,"No","Yes","Yes","Friday","No","Yes",408.805,1446.22,2,10894,10220,10423.805,11461.22
2606,201,7,"Yes","Yes","Yes","Thursday","No","No",347.27,1289.58,5,12621,10216,10362.27,11304.58
1756,201,14,"No","Yes","Yes","Sunday","No","Yes",373.85,1547.56,3,11771,10216,10388.85,11562.56
2516,212,24,"Yes","Yes","Yes","Sunday","No","Yes",459.09,1599.41,5,12531,10227,10474.09,11614.41
2224,210,13,"No","Yes","No","Saturday","No","Yes",371.55,1485.71,4,12239,10225,10386.55,11500.71
4174,217,12,"Yes","Yes","Yes","Friday","No","Yes",500.72,1624.44,8,14189,10232,10515.72,11639.44
3961,198,11,"No","Yes","Yes","Tuesday","No","No",413.735,1399.65,7,13976,10213,10428.735,11414.65
770,217,11,"No","Yes","Yes","Saturday","No","Yes",388.49,1574.12,1,10785,10232,10403.49,11589.12
2390,202,39,"No","Yes","Yes","Friday","No","Yes",419.73,1546.32,4,12405,10217,10434.73,11561.32
2036,196,8,"Yes","Yes","Yes","Sunday","No","Yes",403.61,1708.01,4,12051,10211,10418.61,11723.01
1559,195,8,"No","Yes","Yes","Saturday","No","Yes",399.185,1590.01,3,11574,10210,10414.185,11605.01
3859,191,0,"Yes","Yes","Yes","Thursday","No","No",402.595,1417.96,7,13874,10206,10417.595,11432.96
1968,181,7,"No","Yes","Yes","Sunday","Yes","Yes",298.96,1558.78,4,11983,10196,10313.96,11573.78
1320,216,10,"Yes","Yes","Yes","Wednesday","No","No",352.24,1217.95,2,11335,10231,10367.24,11232.95
1801,223,10,"No","Yes","Yes","Saturday","No","Yes",394.235,1506.87,3,11816,10238,10409.235,11521.87
4210,198,30,"Yes","Yes","Yes","Friday","No","Yes",518.2,1772.74,8,14225,10213,10533.2,11787.74
733,198,12,"Yes","No","Yes","Tuesday","No","No",197.775,1054.06,1,10748,10213,10212.775,11069.06
2174,210,0,"Yes","Yes","No","Friday","No","Yes",388,1589.61,4,12189,10225,10403,11604.61
2266,205,11,"No","Yes","Yes","Saturday","No","Yes",456.4,1576.09,4,12281,10220,10471.4,11591.09
832,220,28,"Yes","Yes","Yes","Monday","No","No",365.35,1292.44,2,10847,10235,10380.35,11307.44
4222,210,0,"No","No","Yes","Sunday","No","Yes",386.56,1570.49,8,14237,10225,10401.56,11585.49
1998,217,43,"Yes","Yes","No","Saturday","No","Yes",334.67,1521.73,4,12013,10232,10349.67,11536.73
800,192,11,"Yes","No","Yes","Saturday","No","Yes",374.95,1391.63,1,10815,10207,10389.95,11406.63
734,226,9,"Yes","Yes","Yes","Sunday","No","Yes",381.37,1515.54,1,10749,10241,10396.37,11530.54
1596,218,10,"Yes","Yes","Yes","Wednesday","No","No",315.88,1246.37,3,11611,10233,10330.88,11261.37
2192,212,7,"Yes","Yes","Yes","Saturday","No","Yes",470.37,1622.39,4,12207,10227,10485.37,11637.39
3783,212,6,"Yes","Yes","Yes","Friday","No","Yes",491.685,1705.62,7,13798,10227,10506.685,11720.62
836,211,10,"No","Yes","Yes","Sunday","No","Yes",389.59,1504.32,2,10851,10226,10404.59,11519.32
2082,207,30,"No","Yes","Yes","Sunday","No","Yes",456.98,1534.79,4,12097,10222,10471.98,11549.79
2482,211,21,"No","Yes","Yes","Sunday","No","Yes",410.13,1664.62,5,12497,10226,10425.13,11679.62
672,197,42,"No","Yes","Yes","Friday","No","Yes",381.34,1564.6,1,10687,10212,10396.34,11579.6
2008,196,24,"No","Yes","Yes","Thursday","No","No",337.2,1193.53,4,12023,10211,10352.2,11208.53
4044,210,11,"No","Yes","Yes","Sunday","No","Yes",422.94,1594.74,7,14059,10225,10437.94,11609.74
1345,206,12,"No","Yes","Yes","Thursday","No","No",356.545,1283.32,2,11360,10221,10371.545,11298.32
797,203,12,"Yes","No","Yes","Saturday","No","Yes",344.765,1425.56,1,10812,10218,10359.765,11440.56
2337,216,13,"No","Yes","Yes","Saturday","No","Yes",443.965,1667.26,4,12352,10231,10458.965,11682.26
807,209,11,"No","Yes","Yes","Sunday","No","Yes",365.565,1502.32,1,10822,10224,10380.565,11517.32
1047,216,25,"No","Yes","Yes","Tuesday","No","No",313.895,1242.57,2,11062,10231,10328.895,11257.57
2664,209,12,"Yes","Yes","Yes","Friday","No","Yes",410.32,1569.25,5,12679,10224,10425.32,11584.25
2311,201,12,"No","Yes","Yes","Sunday","No","Yes",460.225,1570.64,4,12326,10216,10475.225,11585.64
819,198,10,"No","Yes","Yes","Saturday","No","Yes",333.545,1458.79,1,10834,10213,10348.545,11473.79
637,208,12,"No","Yes","Yes","Saturday","No","Yes",429.545,1484.33,1,10652,10223,10444.545,11499.33
841,211,14,"No","Yes","Yes","Monday","No","No",252.415,1237.46,2,10856,10226,10267.415,11252.46
991,203,13,"Yes","Yes","Yes","Monday","No","No",289.255,1211.2,2,11006,10218,10304.255,11226.2
1922,203,8,"Yes","Yes","No","Sunday","No","Yes",365.13,1496.12,3,11937,10218,10380.13,11511.12
2484,226,8,"No","Yes","Yes","Monday","No","No",342.34,1342.46,5,12499,10241,10357.34,11357.46
735,214,13,"Yes","Yes","Yes","Friday","No","Yes",379.415,1631.61,1,10750,10229,10394.415,11646.61
4156,174,9,"No","Yes","Yes","Thursday","Yes","No",285.04,1307.58,8,14171,10189,10300.04,11322.58
521,207,9,"Yes","Yes","Yes","Friday","No","Yes",368.435,1467.09,1,10536,10222,10383.435,11482.09
4035,221,19,"No","Yes","Yes","Friday","No","Yes",436.735,1701.88,7,14050,10236,10451.735,11716.88
4180,210,8,"Yes","No","No","Monday","No","No",291.72,1238,8,14195,10225,10306.72,11253
1356,212,12,"No","No","Yes","Sunday","No","Yes",320.48,1474.97,2,11371,10227,10335.48,11489.97
2829,199,8,"No","Yes","Yes","Thursday","No","No",401.375,1310.05,5,12844,10214,10416.375,11325.05
1963,212,12,"Yes","Yes","Yes","Thursday","No","No",334.995,1235.65,4,11978,10227,10349.995,11250.65
2558,202,7,"No","Yes","Yes","Saturday","No","Yes",426.64,1578.27,5,12573,10217,10441.64,11593.27
1430,221,10,"Yes","No","Yes","Wednesday","No","No",246.77,1040.81,3,11445,10236,10261.77,11055.81
2209,201,8,"No","Yes","Yes","Friday","No","Yes",438.865,1598.71,4,12224,10216,10453.865,11613.71
2266,207,10,"Yes","Yes","Yes","Friday","No","Yes",484.7,1650.43,4,12281,10222,10499.7,11665.43
1404,210,12,"No","Yes","Yes","Thursday","No","No",358.46,1285.08,3,11419,10225,10373.46,11300.08
2075,198,14,"No","Yes","Yes","Friday","No","Yes",418.245,1555.86,4,12090,10213,10433.245,11570.86
2263,213,11,"Yes","Yes","Yes","Tuesday","No","No",396.015,1275.32,4,12278,10228,10411.015,11290.32
2133,200,12,"No","Yes","Yes","Saturday","No","Yes",417.735,1576.15,4,12148,10215,10432.735,11591.15
3989,193,9,"No","Yes","Yes","Friday","No","Yes",496.925,1751.12,7,14004,10208,10511.925,11766.12
1857,199,34,"No","Yes","Yes","Tuesday","No","No",366.795,1221.58,3,11872,10214,10381.795,11236.58
2622,209,12,"No","Yes","Yes","Monday","No","No",355.89,1275.89,5,12637,10224,10370.89,11290.89
3779,205,16,"Yes","Yes","Yes","Saturday","No","Yes",458.985,1709.87,7,13794,10220,10473.985,11724.87
632,208,11,"Yes","Yes","Yes","Wednesday","No","No",351.28,1181.77,1,10647,10223,10366.28,11196.77
2604,213,10,"No","Yes","No","Friday","No","Yes",364.24,1527.49,5,12619,10228,10379.24,11542.49
927,227,8,"No","Yes","Yes","Saturday","No","Yes",426.595,1615.75,2,10942,10242,10441.595,11630.75
1923,211,12,"No","Yes","Yes","Sunday","No","Yes",438.055,1641.78,3,11938,10226,10453.055,11656.78
837,216,36,"No","Yes","Yes","Saturday","No","Yes",358.775,1579.69,2,10852,10231,10373.775,11594.69
1688,209,12,"No","Yes","Yes","Saturday","No","Yes",424.05,1519.56,3,11703,10224,10439.05,11534.56
2074,217,25,"No","Yes","Yes","Sunday","No","Yes",425.02,1649.89,4,12089,10232,10440.02,11664.89
4008,211,21,"No","Yes","Yes","Sunday","No","Yes",519.67,1671.1,7,14023,10226,10534.67,11686.1
3876,205,11,"No","Yes","No","Friday","No","Yes",373.92,1516.14,7,13891,10220,10388.92,11531.14
1849,202,11,"Yes","Yes","Yes","Saturday","No","Yes",515.685,1569.64,3,11864,10217,10530.685,11584.64
1991,201,11,"Yes","No","Yes","Tuesday","No","No",335.495,1225.18,4,12006,10216,10350.495,11240.18
1994,215,32,"No","Yes","Yes","Sunday","No","Yes",433.67,1525.72,4,12009,10230,10448.67,11540.72
1813,209,10,"Yes","Yes","Yes","Friday","No","Yes",480.385,1552.78,3,11828,10224,10495.385,11567.78
2359,206,12,"No","Yes","Yes","Monday","No","No",328.205,1331.62,4,12374,10221,10343.205,11346.62
3095,214,12,"No","No","Yes","Friday","No","Yes",395.105,1527.35,6,13110,10229,10410.105,11542.35
1164,200,31,"No","No","Yes","Sunday","No","Yes",333.24,1459.4,2,11179,10215,10348.24,11474.4
1703,215,25,"Yes","Yes","No","Friday","No","Yes",363.655,1487.35,3,11718,10230,10378.655,11502.35
2671,194,7,"Yes","No","Yes","Sunday","No","Yes",373.375,1551.49,5,12686,10209,10388.375,11566.49
1343,205,11,"No","No","No","Saturday","No","Yes",247.005,1422.27,2,11358,10220,10262.005,11437.27
1992,204,13,"No","Yes","Yes","Friday","No","Yes",426.28,1576.56,4,12007,10219,10441.28,11591.56
2894,165,4,"No","Yes","Yes","Sunday","Yes","Yes",399.55,1476.9,5,12909,10180,10414.55,11491.9
2079,207,29,"No","Yes","Yes","Wednesday","No","No",322.395,1278.5,4,12094,10222,10337.395,11293.5
756,205,12,"No","Yes","Yes","Saturday","No","Yes",418.02,1500.18,1,10771,10220,10433.02,11515.18
2207,203,9,"No","Yes","Yes","Friday","No","Yes",426.075,1658.44,4,12222,10218,10441.075,11673.44
1735,207,12,"No","Yes","Yes","Friday","No","Yes",468.005,1574.52,3,11750,10222,10483.005,11589.52
1394,207,10,"Yes","Yes","Yes","Saturday","No","Yes",415.15,1530.86,3,11409,10222,10430.15,11545.86
854,212,21,"Yes","Yes","Yes","Saturday","No","Yes",371.28,1529.3,2,10869,10227,10386.28,11544.3
4063,205,19,"Yes","Yes","Yes","Saturday","No","Yes",489.695,1722.42,7,14078,10220,10504.695,11737.42
546,212,24,"No","Yes","Yes","Saturday","No","Yes",382.26,1461.25,1,10561,10227,10397.26,11476.25
1656,209,9,"Yes","Yes","Yes","Monday","No","No",293.78,1271.65,3,11671,10224,10308.78,11286.65
1568,203,12,"No","Yes","Yes","Sunday","No","Yes",418.15,1577.16,3,11583,10218,10433.15,11592.16
1917,208,7,"No","Yes","Yes","Sunday","No","Yes",426.355,1511.36,3,11932,10223,10441.355,11526.36
708,208,0,"No","Yes","Yes","Thursday","No","No",309.64,1309.89,1,10723,10223,10324.64,11324.89
2008,198,10,"Yes","Yes","Yes","Monday","No","No",275.1,1336.04,4,12023,10213,10290.1,11351.04
2550,217,10,"No","Yes","Yes","Tuesday","No","No",403.7,1296.67,5,12565,10232,10418.7,11311.67
1408,203,9,"Yes","No","Yes","Monday","No","No",282.39,1196.65,3,11423,10218,10297.39,11211.65
2320,192,10,"No","Yes","Yes","Monday","No","No",358.64,1324.73,4,12335,10207,10373.64,11339.73
817,206,10,"No","Yes","No","Sunday","No","Yes",341.915,1422.57,1,10832,10221,10356.915,11437.57
1463,204,11,"Yes","No","Yes","Monday","No","No",243.565,1195.54,3,11478,10219,10258.565,11210.54
2960,218,12,"No","No","Yes","Saturday","No","Yes",419.3,1598.53,5,12975,10233,10434.3,11613.53
558,230,9,"Yes","No","Yes","Tuesday","No","No",265.53,1171.87,1,10573,10245,10280.53,11186.87
2389,212,10,"Yes","Yes","Yes","Sunday","No","Yes",395.135,1600.3,4,12404,10227,10410.135,11615.3
2533,206,0,"No","Yes","No","Monday","No","No",256.935,1202.42,5,12548,10221,10271.935,11217.42
2144,207,12,"No","Yes","Yes","Saturday","No","Yes",486.84,1501.09,4,12159,10222,10501.84,11516.09
2365,221,8,"Yes","Yes","Yes","Wednesday","No","No",378.435,1300.71,4,12380,10236,10393.435,11315.71
742,203,10,"No","Yes","Yes","Tuesday","No","No",283.06,1264.98,1,10757,10218,10298.06,11279.98
1548,206,10,"No","Yes","Yes","Saturday","No","Yes",419.72,1578.78,3,11563,10221,10434.72,11593.78
1664,160,9,"Yes","Yes","Yes","Saturday","Yes","Yes",398.26,1578.75,3,11679,10175,10413.26,11593.75
2143,215,13,"No","Yes","Yes","Wednesday","No","No",282.275,1278.98,4,12158,10230,10297.275,11293.98
642,210,10,"No","Yes","Yes","Saturday","No","Yes",426.86,1504.36,1,10657,10225,10441.86,11519.36
2368,209,10,"Yes","Yes","Yes","Sunday","No","Yes",507.96,1627.33,4,12383,10224,10522.96,11642.33
2380,220,11,"No","Yes","Yes","Saturday","No","Yes",444.17,1624.42,4,12395,10235,10459.17,11639.42
2231,207,10,"Yes","Yes","Yes","Saturday","No","Yes",406.665,1691.49,4,12246,10222,10421.665,11706.49
753,206,12,"No","Yes","Yes","Sunday","No","Yes",394.875,1529.72,1,10768,10221,10409.875,11544.72
2152,213,27,"No","Yes","Yes","Tuesday","No","No",369.74,1188.54,4,12167,10228,10384.74,11203.54
2755,204,8,"No","Yes","Yes","Sunday","No","Yes",415.805,1605.1,5,12770,10219,10430.805,11620.1
986,216,9,"No","Yes","Yes","Friday","No","Yes",363.45,1451.2,2,11001,10231,10378.45,11466.2
2839,166,8,"Yes","No","Yes","Sunday","Yes","Yes",302.315,1564.37,5,12854,10181,10317.315,11579.37
2109,212,13,"No","Yes","Yes","Monday","No","No",350.065,1262.85,4,12124,10227,10365.065,11277.85
1972,201,13,"Yes","Yes","Yes","Saturday","No","Yes",416.13,1617.42,4,11987,10216,10431.13,11632.42
1805,219,0,"No","No","No","Monday","No","No",202.995,1077.04,3,11820,10234,10217.995,11092.04
2510,207,10,"No","Yes","Yes","Thursday","No","No",349.25,1245.59,5,12525,10222,10364.25,11260.59
3129,202,6,"No","No","No","Friday","No","Yes",312.785,1470.37,6,13144,10217,10327.785,11485.37
1755,219,12,"Yes","Yes","Yes","Sunday","No","Yes",413.865,1594.72,3,11770,10234,10428.865,11609.72
4166,208,10,"No","Yes","Yes","Monday","No","No",394.39,1430.31,8,14181,10223,10409.39,11445.31
1895,208,27,"No","Yes","No","Saturday","No","Yes",358.065,1578.11,3,11910,10223,10373.065,11593.11
2294,210,10,"Yes","Yes","Yes","Monday","No","No",390.94,1306.41,4,12309,10225,10405.94,11321.41
788,202,0,"Yes","Yes","No","Friday","No","Yes",349.58,1438.28,1,10803,10217,10364.58,11453.28
1013,209,10,"No","Yes","No","Saturday","No","Yes",356.555,1490.45,2,11028,10224,10371.555,11505.45
1419,197,11,"No","Yes","Yes","Sunday","No","Yes",409.865,1575.92,3,11434,10212,10424.865,11590.92
1618,216,10,"No","Yes","Yes","Sunday","No","Yes",393.78,1545.05,3,11633,10231,10408.78,11560.05
1286,220,23,"No","Yes","Yes","Wednesday","No","No",360.11,1260.43,2,11301,10235,10375.11,11275.43
1352,209,12,"Yes","No","No","Sunday","No","Yes",301.87,1511.51,2,11367,10224,10316.87,11526.51
1693,159,15,"No","Yes","Yes","Saturday","Yes","Yes",320.155,1571.98,3,11708,10174,10335.155,11586.98
610,212,11,"No","Yes","Yes","Sunday","No","Yes",308.18,1533.34,1,10625,10227,10323.18,11548.34
1002,219,11,"Yes","Yes","No","Sunday","No","Yes",308.59,1376.27,2,11017,10234,10323.59,11391.27
1504,207,7,"Yes","Yes","Yes","Sunday","No","Yes",423.48,1559.51,3,11519,10222,10438.48,11574.51
677,208,12,"No","Yes","Yes","Friday","No","Yes",446.395,1484.17,1,10692,10223,10461.395,11499.17
1456,213,8,"Yes","Yes","No","Saturday","No","Yes",340.27,1400.01,3,11471,10228,10355.27,11415.01
2546,208,38,"Yes","No","Yes","Friday","No","Yes",439.35,1554.4,5,12561,10223,10454.35,11569.4
2402,214,12,"No","Yes","Yes","Sunday","No","Yes",461.04,1685.2,4,12417,10229,10476.04,11700.2
2250,212,8,"No","Yes","Yes","Saturday","No","Yes",435.45,1535.19,4,12265,10227,10450.45,11550.19
2306,204,12,"Yes","Yes","Yes","Sunday","No","Yes",434.25,1533.21,4,12321,10219,10449.25,11548.21
2341,206,13,"Yes","Yes","Yes","Sunday","No","Yes",476.775,1596.08,4,12356,10221,10491.775,11611.08
1386,198,11,"No","Yes","Yes","Sunday","No","Yes",379.54,1510.41,3,11401,10213,10394.54,11525.41
2059,216,9,"No","Yes","Yes","Friday","No","Yes",470.455,1532.82,4,12074,10231,10485.455,11547.82
1952,209,12,"No","Yes","Yes","Saturday","No","Yes",430.04,1636.19,4,11967,10224,10445.04,11651.19
2010,221,12,"No","Yes","Yes","Tuesday","No","No",344.57,1334.94,4,12025,10236,10359.57,11349.94
2595,207,19,"No","Yes","Yes","Saturday","No","Yes",485.355,1608.88,5,12610,10222,10500.355,11623.88
2098,154,17,"No","Yes","Yes","Friday","Yes","Yes",331.5,1560.76,4,12113,10169,10346.5,11575.76
742,212,8,"No","No","Yes","Thursday","No","No",260.66,1113.57,1,10757,10227,10275.66,11128.57
679,215,10,"Yes","Yes","Yes","Friday","No","Yes",410.485,1522.36,1,10694,10230,10425.485,11537.36
2007,211,10,"No","Yes","Yes","Friday","No","Yes",423.235,1577.81,4,12022,10226,10438.235,11592.81
2470,216,10,"No","Yes","Yes","Tuesday","No","No",333.1,1274.86,4,12485,10231,10348.1,11289.86
2742,214,11,"No","Yes","No","Sunday","No","Yes",406.8,1572.33,5,12757,10229,10421.8,11587.33
676,201,0,"No","Yes","Yes","Thursday","No","No",291.06,1289.32,1,10691,10216,10306.06,11304.32
749,201,0,"No","Yes","Yes","Sunday","No","Yes",419.495,1493.62,1,10764,10216,10434.495,11508.62
4260,198,12,"Yes","Yes","Yes","Sunday","No","Yes",474.02,1729.17,8,14275,10213,10489.02,11744.17
2922,209,11,"No","No","Yes","Sunday","No","Yes",351.99,1546.2,5,12937,10224,10366.99,11561.2
2162,219,12,"Yes","Yes","Yes","Friday","No","Yes",381.3,1624.23,4,12177,10234,10396.3,11639.23
1997,198,34,"No","Yes","Yes","Sunday","No","Yes",405.155,1618.31,4,12012,10213,10420.155,11633.31
2139,213,32,"No","Yes","Yes","Wednesday","No","No",331.775,1267.28,4,12154,10228,10346.775,11282.28
598,207,7,"No","Yes","Yes","Sunday","No","Yes",328.37,1459.16,1,10613,10222,10343.37,11474.16
2340,202,12,"No","Yes","Yes","Tuesday","No","No",324.76,1289.19,4,12355,10217,10339.76,11304.19
2674,210,11,"Yes","Yes","Yes","Sunday","No","Yes",427.52,1616.66,5,12689,10225,10442.52,11631.66
2526,212,0,"No","No","Yes","Thursday","No","No",298.48,1231.88,5,12541,10227,10313.48,11246.88
3968,208,9,"Yes","Yes","Yes","Tuesday","No","No",415.32,1481.37,7,13983,10223,10430.32,11496.37
1551,207,7,"No","Yes","Yes","Wednesday","No","No",350.825,1325.78,3,11566,10222,10365.825,11340.78
4117,217,11,"No","Yes","Yes","Friday","No","Yes",482.285,1646.42,7,14132,10232,10497.285,11661.42
1155,203,14,"Yes","Yes","No","Saturday","No","Yes",342.115,1513.27,2,11170,10218,10357.115,11528.27
2609,212,9,"No","Yes","Yes","Saturday","No","Yes",458.585,1581.14,5,12624,10227,10473.585,11596.14
3947,217,12,"No","No","Yes","Monday","No","No",369.815,1229.37,7,13962,10232,10384.815,11244.37
4033,221,9,"No","Yes","Yes","Saturday","No","Yes",466.895,1663.74,7,14048,10236,10481.895,11678.74
2871,165,10,"Yes","Yes","Yes","Thursday","Yes","No",293.625,1284.1,5,12886,10180,10308.625,11299.1
1930,213,12,"No","Yes","No","Wednesday","No","No",327.53,1120.7,4,11945,10228,10342.53,11135.7
2981,215,5,"No","Yes","Yes","Wednesday","No","No",408.565,1399.8,5,12996,10230,10423.565,11414.8
2634,213,10,"No","Yes","Yes","Friday","No","Yes",400.39,1629.79,5,12649,10228,10415.39,11644.79
1482,203,9,"No","Yes","Yes","Thursday","No","No",341.05,1144.57,3,11497,10218,10356.05,11159.57
864,216,10,"Yes","Yes","Yes","Friday","No","Yes",426.3,1531.98,2,10879,10231,10441.3,11546.98
3962,195,26,"No","Yes","Yes","Saturday","No","Yes",516.03,1798.61,7,13977,10210,10531.03,11813.61
646,201,6,"No","Yes","Yes","Tuesday","No","No",307.17,1154.01,1,10661,10216,10322.17,11169.01
4170,219,9,"No","No","Yes","Tuesday","No","No",302.89,1353.71,8,14185,10234,10317.89,11368.71
1813,207,31,"No","No","Yes","Thursday","No","No",303.175,1216.9,3,11828,10222,10318.175,11231.9
2201,209,17,"No","Yes","Yes","Saturday","No","Yes",444.545,1686.41,4,12216,10224,10459.545,11701.41
887,196,0,"No","Yes","Yes","Thursday","No","No",283.485,1239.33,2,10902,10211,10298.485,11254.33
4050,159,11,"No","Yes","Yes","Tuesday","Yes","No",284.14,1423.86,7,14065,10174,10299.14,11438.86
759,204,12,"Yes","Yes","Yes","Friday","No","Yes",378.805,1561.31,1,10774,10219,10393.805,11576.31
1945,215,10,"No","Yes","Yes","Saturday","No","Yes",411.035,1643.35,4,11960,10230,10426.035,11658.35
4035,222,25,"No","Yes","Yes","Saturday","No","Yes",488.155,1708.57,7,14050,10237,10503.155,11723.57
2684,209,22,"No","Yes","Yes","Sunday","No","Yes",409.16,1581.12,5,12699,10224,10424.16,11596.12
1735,213,9,"No","No","No","Thursday","No","No",178.275,1172.69,3,11750,10228,10193.275,11187.69
2333,202,23,"No","No","Yes","Wednesday","No","No",300.655,1197.56,4,12348,10217,10315.655,11212.56
1994,218,9,"No","No","Yes","Saturday","No","Yes",348.2,1560.82,4,12009,10233,10363.2,11575.82
573,210,0,"No","Yes","No","Wednesday","No","No",231.245,1209.27,1,10588,10225,10246.245,11224.27
3737,220,28,"Yes","No","Yes","Saturday","No","Yes",401.605,1695.22,7,13752,10235,10416.605,11710.22
2807,213,36,"No","Yes","No","Saturday","No","Yes",391.325,1568.65,5,12822,10228,10406.325,11583.65
2750,211,15,"No","Yes","No","Friday","No","Yes",337.34,1570.18,5,12765,10226,10352.34,11585.18
3988,216,0,"No","No","Yes","Thursday","No","No",308.97,1350.75,7,14003,10231,10323.97,11365.75
2090,207,20,"No","Yes","Yes","Sunday","No","Yes",467.03,1580.08,4,12105,10222,10482.03,11595.08
1778,219,22,"Yes","Yes","No","Sunday","No","Yes",340.4,1579.21,3,11793,10234,10355.4,11594.21
2176,219,0,"No","Yes","No","Saturday","No","Yes",320.96,1536.01,4,12191,10234,10335.96,11551.01
1411,204,10,"No","Yes","Yes","Wednesday","No","No",321.395,1307.57,3,11426,10219,10336.395,11322.57
848,218,8,"Yes","No","Yes","Wednesday","No","No",279.91,1179.46,2,10863,10233,10294.91,11194.46
1146,215,13,"No","Yes","Yes","Wednesday","No","No",319.39,1138.56,2,11161,10230,10334.39,11153.56
2031,202,13,"No","Yes","Yes","Tuesday","No","No",327.425,1302.46,4,12046,10217,10342.425,11317.46
1947,204,9,"No","Yes","Yes","Saturday","No","Yes",371.315,1544.45,4,11962,10219,10386.315,11559.45
2422,209,11,"Yes","No","Yes","Saturday","No","Yes",396.28,1518.66,4,12437,10224,10411.28,11533.66
4107,208,11,"Yes","Yes","Yes","Sunday","No","Yes",476.685,1793.84,7,14122,10223,10491.685,11808.84
1100,207,9,"No","Yes","Yes","Saturday","No","Yes",431.72,1562.93,2,11115,10222,10446.72,11577.93
2597,216,10,"No","No","Yes","Tuesday","No","No",328.715,1342.08,5,12612,10231,10343.715,11357.08
1712,202,14,"No","Yes","Yes","Monday","No","No",358.47,1232.63,3,11727,10217,10373.47,11247.63
3711,212,13,"Yes","Yes","Yes","Sunday","No","Yes",520.005,1795.73,7,13726,10227,10535.005,11810.73
3044,206,22,"No","Yes","Yes","Friday","No","Yes",436.72,1692.2,6,13059,10221,10451.72,11707.2
4227,216,26,"Yes","Yes","Yes","Tuesday","No","No",413.285,1440.04,8,14242,10231,10428.285,11455.04
818,195,13,"No","Yes","Yes","Friday","No","Yes",370.68,1542.52,1,10833,10210,10385.68,11557.52
1514,203,0,"Yes","No","Yes","Friday","No","Yes",415.47,1489.57,3,11529,10218,10430.47,11504.57
1493,208,8,"No","Yes","Yes","Friday","No","Yes",361.965,1570.92,3,11508,10223,10376.965,11585.92
809,205,0,"No","Yes","Yes","Friday","No","Yes",356.045,1515.06,1,10824,10220,10371.045,11530.06
1850,212,10,"No","Yes","Yes","Sunday","No","Yes",399.38,1573.53,3,11865,10227,10414.38,11588.53
2631,214,32,"No","Yes","Yes","Monday","No","No",350.845,1328.11,5,12646,10229,10365.845,11343.11
997,156,38,"Yes","Yes","Yes","Saturday","Yes","Yes",365.125,1455.13,2,11012,10171,10380.125,11470.13
3865,211,7,"No","Yes","Yes","Wednesday","No","No",372.365,1386.49,7,13880,10226,10387.365,11401.49
1693,220,27,"Yes","Yes","Yes","Sunday","No","Yes",454.645,1607.19,3,11708,10235,10469.645,11622.19
1893,226,10,"No","No","No","Friday","No","Yes",204.205,1377.74,3,11908,10241,10219.205,11392.74
513,215,0,"No","Yes","Yes","Friday","No","Yes",387.935,1566.91,1,10528,10230,10402.935,11581.91
869,211,15,"Yes","Yes","Yes","Tuesday","No","No",289.065,1185.6,2,10884,10226,10304.065,11200.6
838,206,37,"No","Yes","Yes","Wednesday","No","No",324.86,1221.57,2,10853,10221,10339.86,11236.57
3982,214,9,"Yes","Yes","Yes","Friday","No","Yes",531.44,1718.1,7,13997,10229,10546.44,11733.1
3106,200,10,"Yes","Yes","No","Wednesday","No","No",354.11,1279.3,6,13121,10215,10369.11,11294.3
1869,201,10,"No","Yes","Yes","Monday","No","No",366.535,1330.92,3,11884,10216,10381.535,11345.92
2582,219,16,"No","No","Yes","Wednesday","No","No",303.31,1276.68,5,12597,10234,10318.31,11291.68
2266,213,12,"No","Yes","Yes","Friday","No","Yes",414.85,1691.67,4,12281,10228,10429.85,11706.67
2303,205,12,"No","Yes","Yes","Sunday","No","Yes",392.695,1552.88,4,12318,10220,10407.695,11567.88
1681,207,12,"Yes","Yes","Yes","Tuesday","No","No",360.965,1341.41,3,11696,10222,10375.965,11356.41
1198,215,7,"No","Yes","Yes","Saturday","No","Yes",389.84,1504.31,2,11213,10230,10404.84,11519.31
2041,202,11,"No","Yes","Yes","Wednesday","No","No",340.965,1277.53,4,12056,10217,10355.965,11292.53
1174,209,30,"No","Yes","Yes","Monday","No","No",347.58,1202.33,2,11189,10224,10362.58,11217.33
1043,153,32,"No","Yes","Yes","Monday","Yes","No",244.025,1196.05,2,11058,10168,10259.025,11211.05
627,214,37,"No","Yes","Yes","Monday","No","No",306.515,1284.66,1,10642,10229,10321.515,11299.66
2066,155,32,"Yes","Yes","Yes","Friday","Yes","Yes",391.43,1611.54,4,12081,10170,10406.43,11626.54
2793,207,7,"Yes","Yes","Yes","Saturday","No","Yes",510.765,1614.53,5,12808,10222,10525.765,11629.53
1666,214,12,"No","Yes","Yes","Saturday","No","Yes",375.86,1589.86,3,11681,10229,10390.86,11604.86
2184,201,0,"Yes","Yes","Yes","Saturday","No","Yes",494.61,1602.89,4,12199,10216,10509.61,11617.89
2407,217,9,"Yes","Yes","Yes","Sunday","No","Yes",458.135,1589.81,4,12422,10232,10473.135,11604.81
2679,214,12,"Yes","Yes","Yes","Saturday","No","Yes",477.065,1646.63,5,12694,10229,10492.065,11661.63
3973,224,10,"Yes","Yes","Yes","Thursday","No","No",398.395,1396.73,7,13988,10239,10413.395,11411.73
841,214,13,"No","Yes","Yes","Friday","No","Yes",341.085,1514.84,2,10856,10229,10356.085,11529.84
1043,220,13,"No","Yes","No","Tuesday","No","No",290.055,1122.32,2,11058,10235,10305.055,11137.32
2540,215,9,"Yes","Yes","Yes","Friday","No","Yes",448.88,1677.54,5,12555,10230,10463.88,11692.54
1955,208,0,"No","Yes","Yes","Monday","No","No",371.725,1294.22,4,11970,10223,10386.725,11309.22
2433,229,0,"No","Yes","Yes","Saturday","No","Yes",372.645,1591.53,4,12448,10244,10387.645,11606.53
3880,206,8,"No","No","Yes","Saturday","No","Yes",431.53,1668.02,7,13895,10221,10446.53,11683.02
2266,208,12,"No","No","Yes","Sunday","No","Yes",370.67,1426.87,4,12281,10223,10385.67,11441.87
2210,212,9,"No","Yes","Yes","Monday","No","No",303.4,1325.23,4,12225,10227,10318.4,11340.23
1631,203,28,"No","No","Yes","Tuesday","No","No",298.475,1214.27,3,11646,10218,10313.475,11229.27
2506,207,8,"Yes","Yes","Yes","Sunday","No","Yes",436.85,1616.9,5,12521,10222,10451.85,11631.9
1431,212,6,"Yes","Yes","Yes","Monday","No","No",343.285,1293.82,3,11446,10227,10358.285,11308.82
650,204,8,"No","Yes","Yes","Saturday","No","Yes",408.52,1538.77,1,10665,10219,10423.52,11553.77
882,197,9,"No","Yes","Yes","Friday","No","Yes",443.57,1517.87,2,10897,10212,10458.57,11532.87
2167,219,0,"No","No","Yes","Saturday","No","Yes",373.785,1501.96,4,12182,10234,10388.785,11516.96
2100,207,22,"No","Yes","Yes","Saturday","No","Yes",469.84,1564.18,4,12115,10222,10484.84,11579.18
1641,178,21,"No","Yes","Yes","Wednesday","Yes","No",299.485,1173.8,3,11656,10193,10314.485,11188.8
1147,212,10,"Yes","Yes","No","Tuesday","No","No",256.255,1126.74,2,11162,10227,10271.255,11141.74
696,207,17,"No","Yes","Yes","Saturday","No","Yes",429.59,1539.1,1,10711,10222,10444.59,11554.1
1546,223,15,"No","Yes","Yes","Wednesday","No","No",360,1211.81,3,11561,10238,10375,11226.81
3933,214,9,"Yes","Yes","Yes","Thursday","No","No",443.095,1414.7,7,13948,10229,10458.095,11429.7
1938,227,12,"Yes","Yes","Yes","Sunday","No","Yes",444.67,1602.32,4,11953,10242,10459.67,11617.32
620,203,16,"No","Yes","Yes","Saturday","No","Yes",399.58,1561.82,1,10635,10218,10414.58,11576.82
2268,216,13,"No","Yes","No","Saturday","No","Yes",389.13,1480.96,4,12283,10231,10404.13,11495.96
1957,209,7,"No","Yes","Yes","Thursday","No","No",357.845,1336.09,4,11972,10224,10372.845,11351.09
644,219,13,"Yes","Yes","Yes","Sunday","No","Yes",438.98,1487.61,1,10659,10234,10453.98,11502.61
3103,204,7,"No","Yes","No","Monday","No","No",331.395,1234.86,6,13118,10219,10346.395,11249.86
1935,218,12,"No","Yes","Yes","Friday","No","Yes",401.975,1579.18,4,11950,10233,10416.975,11594.18
985,192,27,"Yes","Yes","Yes","Friday","No","Yes",423.055,1579.63,2,11000,10207,10438.055,11594.63
2023,211,9,"Yes","Yes","No","Monday","No","No",244.005,1244.96,4,12038,10226,10259.005,11259.96
2257,221,32,"No","Yes","Yes","Saturday","No","Yes",420.725,1576.18,4,12272,10236,10435.725,11591.18
667,204,0,"No","Yes","Yes","Monday","No","No",291.485,1204.74,1,10682,10219,10306.485,11219.74
524,202,11,"Yes","No","Yes","Sunday","No","Yes",406.56,1447.68,1,10539,10217,10421.56,11462.68
1018,207,9,"No","Yes","No","Saturday","No","Yes",371.4,1486.07,2,11033,10222,10386.4,11501.07
1806,220,8,"No","Yes","Yes","Saturday","No","Yes",389.77,1590.88,3,11821,10235,10404.77,11605.88
3940,221,26,"No","No","No","Monday","No","No",208.24,1233.43,7,13955,10236,10223.24,11248.43
1412,221,14,"No","Yes","Yes","Sunday","No","Yes",421.38,1565.34,3,11427,10236,10436.38,11580.34
1933,204,11,"No","Yes","Yes","Tuesday","No","No",343.255,1349.55,4,11948,10219,10358.255,11364.55
2303,203,10,"No","Yes","Yes","Saturday","No","Yes",426.425,1616.75,4,12318,10218,10441.425,11631.75
959,207,26,"No","Yes","Yes","Wednesday","No","No",315.995,1250.36,2,10974,10222,10330.995,11265.36
728,224,0,"No","Yes","Yes","Saturday","No","Yes",327.11,1582.63,1,10743,10239,10342.11,11597.63
2390,210,12,"No","No","Yes","Thursday","No","No",290.04,1276.5,4,12405,10225,10305.04,11291.5
1273,217,10,"No","Yes","No","Sunday","No","Yes",306.315,1500.82,2,11288,10232,10321.315,11515.82
1247,219,9,"Yes","Yes","Yes","Saturday","No","Yes",467.095,1630.44,2,11262,10234,10482.095,11645.44
3649,204,9,"No","Yes","Yes","Sunday","No","Yes",425.075,1635.46,7,13664,10219,10440.075,11650.46
2944,213,10,"No","Yes","Yes","Saturday","No","Yes",438.47,1653.78,5,12959,10228,10453.47,11668.78
595,209,11,"No","Yes","Yes","Friday","No","Yes",361.855,1500.87,1,10610,10224,10376.855,11515.87
4213,201,9,"No","Yes","Yes","Tuesday","No","No",385.965,1329.1,8,14228,10216,10400.965,11344.1
2367,207,12,"No","Yes","Yes","Thursday","No","No",381.695,1235.35,4,12382,10222,10396.695,11250.35
1984,214,11,"No","Yes","Yes","Monday","No","No",245.19,1250.87,4,11999,10229,10260.19,11265.87
2029,213,10,"No","Yes","Yes","Sunday","No","Yes",376.335,1423.69,4,12044,10228,10391.335,11438.69
3822,203,6,"No","Yes","No","Sunday","No","Yes",393.39,1597.96,7,13837,10218,10408.39,11612.96
2024,217,8,"No","Yes","Yes","Sunday","No","Yes",411.39,1546.89,4,12039,10232,10426.39,11561.89
1527,221,36,"Yes","Yes","Yes","Sunday","No","Yes",483.535,1548.17,3,11542,10236,10498.535,11563.17
2526,215,0,"No","Yes","Yes","Wednesday","No","No",430.96,1269.53,5,12541,10230,10445.96,11284.53
2165,219,8,"No","No","No","Friday","No","Yes",299.785,1414.85,4,12180,10234,10314.785,11429.85
3945,210,10,"No","Yes","Yes","Saturday","No","Yes",487.975,1799.92,7,13960,10225,10502.975,11814.92
1588,208,8,"No","Yes","Yes","Monday","No","No",260.09,1242.42,3,11603,10223,10275.09,11257.42
2163,209,11,"No","Yes","Yes","Tuesday","No","No",320.345,1302.51,4,12178,10224,10335.345,11317.51
2457,202,10,"No","Yes","Yes","Saturday","No","Yes",415.345,1628.74,4,12472,10217,10430.345,11643.74
1413,212,35,"No","Yes","Yes","Friday","No","Yes",427.595,1472.47,3,11428,10227,10442.595,11487.47
769,202,15,"No","Yes","Yes","Wednesday","No","No",285.875,1157.05,1,10784,10217,10300.875,11172.05
2407,204,12,"No","Yes","Yes","Tuesday","No","No",305.645,1278.74,4,12422,10219,10320.645,11293.74
3903,205,8,"Yes","Yes","Yes","Friday","No","Yes",496.215,1648.53,7,13918,10220,10511.215,11663.53
3282,208,10,"No","Yes","Yes","Wednesday","No","No",407.41,1320.1,6,13297,10223,10422.41,11335.1
796,212,7,"Yes","Yes","Yes","Sunday","No","Yes",439.5,1597.38,1,10811,10227,10454.5,11612.38
1969,217,9,"No","Yes","No","Monday","No","No",301.865,1229,4,11984,10232,10316.865,11244
2417,195,0,"No","Yes","Yes","Friday","No","Yes",376.435,1561.94,4,12432,10210,10391.435,11576.94
2461,214,20,"No","Yes","No","Sunday","No","Yes",339.825,1490.33,4,12476,10229,10354.825,11505.33
4071,222,21,"Yes","Yes","Yes","Monday","No","No",448.635,1441.58,7,14086,10237,10463.635,11456.58
1736,225,31,"Yes","Yes","Yes","Sunday","No","Yes",440.51,1572.17,3,11751,10240,10455.51,11587.17
3822,199,11,"No","Yes","Yes","Sunday","No","Yes",457.18,1646.55,7,13837,10214,10472.18,11661.55
1022,213,0,"No","Yes","Yes","Tuesday","No","No",347.38,1198.13,2,11037,10228,10362.38,11213.13
1632,210,5,"Yes","No","Yes","Friday","No","Yes",338.09,1516.99,3,11647,10225,10353.09,11531.99
1504,219,9,"Yes","No","No","Friday","No","Yes",268.26,1488.25,3,11519,10234,10283.26,11503.25
768,210,9,"No","Yes","Yes","Friday","No","Yes",347.75,1486.33,1,10783,10225,10362.75,11501.33
2026,224,13,"No","Yes","Yes","Tuesday","No","No",313.22,1278.62,4,12041,10239,10328.22,11293.62
1815,215,0,"No","Yes","Yes","Sunday","No","Yes",419.655,1550.24,3,11830,10230,10434.655,11565.24
988,173,8,"No","Yes","Yes","Sunday","Yes","Yes",354.23,1466.95,2,11003,10188,10369.23,11481.95
1874,211,8,"No","Yes","No","Sunday","No","Yes",361.43,1470.98,3,11889,10226,10376.43,11485.98
593,216,0,"Yes","Yes","Yes","Saturday","No","Yes",356.035,1515.46,1,10608,10231,10371.035,11530.46
621,204,11,"No","Yes","Yes","Sunday","No","Yes",364.825,1435.81,1,10636,10219,10379.825,11450.81
1219,220,9,"No","Yes","Yes","Wednesday","No","No",347.205,1176.82,2,11234,10235,10362.205,11191.82
1569,220,0,"No","Yes","Yes","Friday","No","Yes",451.045,1546.67,3,11584,10235,10466.045,11561.67
1840,216,14,"No","Yes","Yes","Tuesday","No","No",319.49,1349.91,3,11855,10231,10334.49,11364.91
2563,194,33,"No","Yes","Yes","Friday","No","Yes",424.285,1605.1,5,12578,10209,10439.285,11620.1
4192,207,12,"No","Yes","Yes","Sunday","No","Yes",477.69,1683.32,8,14207,10222,10492.69,11698.32
2751,209,13,"Yes","Yes","Yes","Saturday","No","Yes",444.235,1663.32,5,12766,10224,10459.235,11678.32
686,196,10,"No","Yes","Yes","Saturday","No","Yes",382.72,1547.62,1,10701,10211,10397.72,11562.62
1944,202,10,"No","Yes","Yes","Sunday","No","Yes",412.76,1518.9,4,11959,10217,10427.76,11533.9
1589,205,9,"Yes","Yes","Yes","Sunday","No","Yes",412.705,1565.04,3,11604,10220,10427.705,11580.04
1679,192,25,"Yes","Yes","Yes","Tuesday","No","No",350.395,1281.4,3,11694,10207,10365.395,11296.4
1806,216,8,"No","Yes","Yes","Sunday","No","Yes",404.69,1549.86,3,11821,10231,10419.69,11564.86
2561,158,31,"No","Yes","Yes","Saturday","Yes","Yes",394.045,1564.7,5,12576,10173,10409.045,11579.7
2248,212,11,"No","Yes","Yes","Sunday","No","Yes",429.98,1528.84,4,12263,10227,10444.98,11543.84
2168,198,9,"Yes","No","Yes","Saturday","No","Yes",388.78,1570.12,4,12183,10213,10403.78,11585.12
1535,210,28,"No","Yes","Yes","Sunday","No","Yes",415.645,1616.69,3,11550,10225,10430.645,11631.69
2968,207,9,"No","Yes","Yes","Friday","No","Yes",372.72,1643.3,5,12983,10222,10387.72,11658.3
2087,198,10,"Yes","Yes","Yes","Thursday","No","No",383.665,1296.33,4,12102,10213,10398.665,11311.33
935,204,10,"Yes","Yes","Yes","Sunday","No","Yes",400.125,1479.49,2,10950,10219,10415.125,11494.49
2345,207,12,"No","Yes","Yes","Saturday","No","Yes",425.455,1567.06,4,12360,10222,10440.455,11582.06
1747,210,27,"No","Yes","Yes","Sunday","No","Yes",468.475,1576.63,3,11762,10225,10483.475,11591.63
2075,218,8,"Yes","Yes","Yes","Saturday","No","Yes",493.065,1595.9,4,12090,10233,10508.065,11610.9
1323,216,11,"No","Yes","Yes","Friday","No","Yes",424.055,1562.5,2,11338,10231,10439.055,11577.5
958,219,10,"No","Yes","Yes","Saturday","No","Yes",416.08,1470.35,2,10973,10234,10431.08,11485.35
1097,221,9,"No","Yes","Yes","Saturday","No","Yes",410.075,1575.78,2,11112,10236,10425.075,11590.78
2295,202,11,"No","Yes","Yes","Saturday","No","Yes",438.105,1564.81,4,12310,10217,10453.105,11579.81
751,207,11,"Yes","Yes","Yes","Friday","No","Yes",416.995,1608.23,1,10766,10222,10431.995,11623.23
2672,227,11,"No","Yes","Yes","Monday","No","No",351.31,1322.58,5,12687,10242,10366.31,11337.58
2574,214,7,"No","Yes","Yes","Thursday","No","No",414.65,1340.51,5,12589,10229,10429.65,11355.51
1636,205,11,"Yes","Yes","Yes","Thursday","No","No",324.15,1210.69,3,11651,10220,10339.15,11225.69
670,213,8,"No","No","Yes","Sunday","No","Yes",323.8,1435.53,1,10685,10228,10338.8,11450.53
869,218,10,"Yes","No","Yes","Saturday","No","Yes",313.755,1458.81,2,10884,10233,10328.755,11473.81
2468,203,7,"No","Yes","Yes","Saturday","No","Yes",519.21,1556.93,4,12483,10218,10534.21,11571.93
941,225,9,"Yes","Yes","Yes","Saturday","No","Yes",412.335,1468.05,2,10956,10240,10427.335,11483.05
1803,209,11,"No","Yes","Yes","Sunday","No","Yes",409.085,1526.11,3,11818,10224,10424.085,11541.11
1884,218,8,"No","Yes","Yes","Wednesday","No","No",365.16,1320.64,3,11899,10233,10380.16,11335.64
732,218,11,"Yes","Yes","Yes","Friday","No","Yes",431.2,1504.42,1,10747,10233,10446.2,11519.42
2504,216,0,"No","Yes","Yes","Wednesday","No","No",317.11,1357.77,5,12519,10231,10332.11,11372.77
2426,221,9,"Yes","No","Yes","Monday","No","No",321.34,1224.35,4,12441,10236,10336.34,11239.35
716,214,48,"No","Yes","Yes","Saturday","No","Yes",445.28,1496.95,1,10731,10229,10460.28,11511.95
1986,190,30,"Yes","Yes","No","Tuesday","No","No",239.14,1223.49,4,12001,10205,10254.14,11238.49
2153,216,25,"No","Yes","Yes","Friday","No","Yes",417.445,1621.42,4,12168,10231,10432.445,11636.42
2004,215,11,"Yes","Yes","Yes","Saturday","No","Yes",396.61,1603.65,4,12019,10230,10411.61,11618.65
1779,215,24,"No","Yes","Yes","Sunday","No","Yes",402.495,1434.64,3,11794,10230,10417.495,11449.64
2135,209,0,"Yes","Yes","Yes","Wednesday","No","No",396.125,1358.71,4,12150,10224,10411.125,11373.71
3975,203,23,"No","Yes","Yes","Sunday","No","Yes",419.345,1676.2,7,13990,10218,10434.345,11691.2
1697,202,10,"No","Yes","Yes","Saturday","No","Yes",449.345,1510.03,3,11712,10217,10464.345,11525.03
1832,216,9,"No","No","Yes","Friday","No","Yes",337.98,1531.02,3,11847,10231,10352.98,11546.02
2064,212,0,"No","Yes","Yes","Sunday","No","Yes",429.99,1600.46,4,12079,10227,10444.99,11615.46
1418,206,6,"Yes","Yes","Yes","Tuesday","No","No",339.42,1250.41,3,11433,10221,10354.42,11265.41
4080,219,11,"Yes","Yes","Yes","Friday","No","Yes",501.24,1728.1,7,14095,10234,10516.24,11743.1
1398,220,21,"No","Yes","Yes","Tuesday","No","No",294.15,1301.4,3,11413,10235,10309.15,11316.4
2530,210,10,"No","Yes","Yes","Sunday","No","Yes",449.17,1598.97,5,12545,10225,10464.17,11613.97
1806,207,0,"No","Yes","Yes","Saturday","No","Yes",411.52,1491.82,3,11821,10222,10426.52,11506.82
1472,199,8,"Yes","Yes","Yes","Saturday","No","Yes",423.18,1608.44,3,11487,10214,10438.18,11623.44
2643,204,0,"No","Yes","Yes","Monday","No","No",367.115,1384.14,5,12658,10219,10382.115,11399.14
742,195,10,"No","Yes","Yes","Tuesday","No","No",380.65,1214.31,1,10757,10210,10395.65,11229.31
2585,213,11,"No","Yes","Yes","Thursday","No","No",389.555,1309.81,5,12600,10228,10404.555,11324.81
2120,215,0,"No","No","Yes","Saturday","No","Yes",362.4,1561.61,4,12135,10230,10377.4,11576.61
1635,209,11,"Yes","Yes","Yes","Sunday","No","Yes",389.365,1569.66,3,11650,10224,10404.365,11584.66
1675,220,9,"No","Yes","Yes","Friday","No","Yes",392.235,1565.2,3,11690,10235,10407.235,11580.2
851,208,12,"Yes","Yes","Yes","Friday","No","Yes",379.855,1569.93,2,10866,10223,10394.855,11584.93
2164,189,21,"No","Yes","Yes","Saturday","No","Yes",464.5,1564.52,4,12179,10204,10479.5,11579.52
1514,213,9,"Yes","No","Yes","Tuesday","No","No",251.43,1205.97,3,11529,10228,10266.43,11220.97
572,219,32,"No","Yes","Yes","Sunday","No","Yes",364.93,1460.84,1,10587,10234,10379.93,11475.84
4172,152,18,"Yes","No","Yes","Sunday","Yes","Yes",348.26,1732.77,8,14187,10167,10363.26,11747.77
651,201,0,"Yes","Yes","Yes","Sunday","No","Yes",417.815,1441.01,1,10666,10216,10432.815,11456.01
3046,202,9,"No","Yes","Yes","Sunday","No","Yes",451.96,1531.96,6,13061,10217,10466.96,11546.96
2233,220,14,"Yes","No","Yes","Saturday","No","Yes",385.755,1502.08,4,12248,10235,10400.755,11517.08
2032,227,11,"No","Yes","Yes","Sunday","No","Yes",424.07,1537.26,4,12047,10242,10439.07,11552.26
4029,214,9,"No","Yes","Yes","Sunday","No","Yes",503.655,1674.79,7,14044,10229,10518.655,11689.79
1626,206,11,"No","Yes","Yes","Thursday","No","No",281.62,1187.77,3,11641,10221,10296.62,11202.77
1501,204,8,"No","Yes","Yes","Wednesday","No","No",311.375,1268.81,3,11516,10219,10326.375,11283.81
3813,202,12,"No","Yes","Yes","Friday","No","Yes",486.905,1694.73,7,13828,10217,10501.905,11709.73
1845,204,12,"Yes","Yes","Yes","Wednesday","No","No",289.125,1282.5,3,11860,10219,10304.125,11297.5
1320,221,13,"No","No","Yes","Friday","No","Yes",378.65,1484.24,2,11335,10236,10393.65,11499.24
704,213,12,"No","Yes","Yes","Wednesday","No","No",301.92,1266.93,1,10719,10228,10316.92,11281.93
2722,200,11,"Yes","Yes","Yes","Saturday","No","Yes",389.36,1618.57,5,12737,10215,10404.36,11633.57
1909,219,31,"No","No","Yes","Friday","No","Yes",393.735,1476.74,3,11924,10234,10408.735,11491.74
4197,214,0,"Yes","Yes","Yes","Sunday","No","Yes",500.825,1722.51,8,14212,10229,10515.825,11737.51
1269,214,10,"Yes","Yes","Yes","Sunday","No","Yes",477.705,1511.36,2,11284,10229,10492.705,11526.36
788,211,12,"No","No","No","Thursday","No","No",137.75,1059.19,1,10803,10226,10152.75,11074.19
1548,168,34,"No","No","Yes","Saturday","Yes","Yes",261.01,1372.44,3,11563,10183,10276.01,11387.44
2083,207,9,"No","Yes","Yes","Thursday","No","No",363.035,1334.36,4,12098,10222,10378.035,11349.36
1446,203,9,"Yes","Yes","Yes","Saturday","No","Yes",432.41,1557.69,3,11461,10218,10447.41,11572.69
2827,215,0,"Yes","Yes","Yes","Saturday","No","Yes",487.765,1615.19,5,12842,10230,10502.765,11630.19
2108,194,10,"No","Yes","Yes","Sunday","No","Yes",422.97,1597.43,4,12123,10209,10437.97,11612.43
1509,205,10,"No","Yes","Yes","Friday","No","Yes",450.715,1587.31,3,11524,10220,10465.715,11602.31
1293,217,9,"No","No","Yes","Saturday","No","Yes",314.025,1461.83,2,11308,10232,10329.025,11476.83
672,215,11,"No","No","Yes","Saturday","No","Yes",312.86,1369.44,1,10687,10230,10327.86,11384.44
1281,212,9,"No","Yes","Yes","Friday","No","Yes",437.495,1476.27,2,11296,10227,10452.495,11491.27
2301,209,11,"Yes","Yes","Yes","Wednesday","No","No",330.765,1239.63,4,12316,10224,10345.765,11254.63
1026,205,9,"No","Yes","Yes","Tuesday","No","No",305.94,1268.4,2,11041,10220,10320.94,11283.4
1599,176,9,"Yes","Yes","Yes","Friday","Yes","Yes",261.525,1651.82,3,11614,10191,10276.525,11666.82
1825,205,13,"Yes","Yes","Yes","Wednesday","No","No",338.435,1370.49,3,11840,10220,10353.435,11385.49
1875,206,9,"No","Yes","Yes","Friday","No","Yes",402.575,1569.03,3,11890,10221,10417.575,11584.03
1929,212,10,"Yes","Yes","Yes","Monday","No","No",340.535,1233.98,4,11944,10227,10355.535,11248.98
1981,208,8,"No","Yes","Yes","Friday","No","Yes",363.545,1564.03,4,11996,10223,10378.545,11579.03
2292,164,9,"Yes","Yes","Yes","Saturday","Yes","Yes",423.68,1604.16,4,12307,10179,10438.68,11619.16
2343,223,10,"Yes","Yes","Yes","Friday","No","Yes",426.875,1531.08,4,12358,10238,10441.875,11546.08
1507,167,6,"No","Yes","No","Thursday","Yes","No",178.835,1130.66,3,11522,10182,10193.835,11145.66
2869,215,0,"No","Yes","Yes","Saturday","No","Yes",411.565,1633.96,5,12884,10230,10426.565,11648.96
845,214,15,"Yes","Yes","Yes","Tuesday","No","No",324.875,1267.2,2,10860,10229,10339.875,11282.2
2184,209,0,"No","Yes","Yes","Sunday","No","Yes",394.5,1627.29,4,12199,10224,10409.5,11642.29
648,202,11,"Yes","Yes","Yes","Sunday","No","Yes",410.98,1569.56,1,10663,10217,10425.98,11584.56
2353,201,11,"No","Yes","Yes","Sunday","No","Yes",448.095,1623.09,4,12368,10216,10463.095,11638.09
581,210,0,"No","Yes","No","Thursday","No","No",307.645,1158.2,1,10596,10225,10322.645,11173.2
4102,217,10,"No","No","Yes","Saturday","No","Yes",386.07,1575.02,7,14117,10232,10401.07,11590.02
2834,155,0,"No","Yes","No","Sunday","Yes","Yes",282.1,1516.73,5,12849,10170,10297.1,11531.73
1405,202,10,"No","Yes","Yes","Wednesday","No","No",325.865,1305.58,3,11420,10217,10340.865,11320.58
2993,210,9,"No","Yes","Yes","Sunday","No","Yes",421.805,1660.38,5,13008,10225,10436.805,11675.38
805,218,7,"No","No","Yes","Monday","No","No",259.695,1124.61,1,10820,10233,10274.695,11139.61
2008,204,9,"Yes","Yes","Yes","Saturday","No","Yes",349.22,1571.7,4,12023,10219,10364.22,11586.7
782,198,8,"No","No","Yes","Friday","No","Yes",327.44,1492.71,1,10797,10213,10342.44,11507.71
2316,207,13,"No","No","Yes","Wednesday","No","No",311.37,1215.94,4,12331,10222,10326.37,11230.94
2194,224,29,"No","No","Yes","Saturday","No","Yes",356.35,1501.97,4,12209,10239,10371.35,11516.97
1022,203,11,"No","Yes","Yes","Thursday","No","No",357.65,1189.92,2,11037,10218,10372.65,11204.92
2175,195,27,"No","No","Yes","Sunday","No","Yes",339.805,1444.45,4,12190,10210,10354.805,11459.45
1484,211,0,"Yes","Yes","Yes","Thursday","No","No",335.99,1282.96,3,11499,10226,10350.99,11297.96
1994,213,10,"No","No","Yes","Tuesday","No","No",317.91,1239.19,4,12009,10228,10332.91,11254.19
1665,218,6,"No","Yes","Yes","Monday","No","No",352.735,1240,3,11680,10233,10367.735,11255
1322,198,9,"No","Yes","Yes","Sunday","No","Yes",474.44,1544.39,2,11337,10213,10489.44,11559.39
2507,208,12,"No","No","Yes","Monday","No","No",304.205,1202.64,5,12522,10223,10319.205,11217.64
2301,216,11,"No","No","Yes","Sunday","No","Yes",372.435,1535.18,4,12316,10231,10387.435,11550.18
884,210,10,"No","No","Yes","Sunday","No","Yes",366.65,1379.22,2,10899,10225,10381.65,11394.22
2071,212,14,"No","Yes","Yes","Sunday","No","Yes",440.265,1702.9,4,12086,10227,10455.265,11717.9
1844,216,26,"No","No","Yes","Friday","No","Yes",321.46,1471.42,3,11859,10231,10336.46,11486.42
2663,211,12,"No","No","Yes","Monday","No","No",304.055,1239.59,5,12678,10226,10319.055,11254.59
564,218,10,"Yes","Yes","Yes","Sunday","No","Yes",439.12,1484.38,1,10579,10233,10454.12,11499.38
2927,211,14,"Yes","No","Yes","Sunday","No","Yes",377.945,1625.13,5,12942,10226,10392.945,11640.13
819,212,12,"No","Yes","Yes","Sunday","No","Yes",378.325,1504.18,1,10834,10227,10393.325,11519.18
1959,210,10,"Yes","Yes","Yes","Sunday","No","Yes",450.515,1586.97,4,11974,10225,10465.515,11601.97
4033,217,15,"No","No","Yes","Tuesday","No","No",333.935,1213.38,7,14048,10232,10348.935,11228.38
1080,212,11,"Yes","Yes","Yes","Saturday","No","Yes",432.62,1579.91,2,11095,10227,10447.62,11594.91
2197,228,8,"Yes","No","Yes","Sunday","No","Yes",373.745,1546.96,4,12212,10243,10388.745,11561.96
1562,212,12,"No","Yes","Yes","Saturday","No","Yes",473.22,1566.81,3,11577,10227,10488.22,11581.81
2057,160,8,"No","Yes","Yes","Sunday","Yes","Yes",400.535,1619.87,4,12072,10175,10415.535,11634.87
2239,203,10,"No","Yes","Yes","Saturday","No","Yes",445.875,1529.25,4,12254,10218,10460.875,11544.25
2731,213,7,"Yes","No","Yes","Sunday","No","Yes",361.515,1538.45,5,12746,10228,10376.515,11553.45
555,193,10,"Yes","Yes","No","Monday","No","No",238.745,1152.48,1,10570,10208,10253.745,11167.48
1531,216,7,"Yes","Yes","No","Thursday","No","No",332.385,1195.62,3,11546,10231,10347.385,11210.62
2804,204,11,"No","Yes","Yes","Saturday","No","Yes",419.53,1557.04,5,12819,10219,10434.53,11572.04
1907,215,9,"No","Yes","Yes","Tuesday","No","No",336.825,1265.32,3,11922,10230,10351.825,11280.32
1109,212,11,"No","Yes","Yes","Sunday","No","Yes",365.825,1555.42,2,11124,10227,10380.825,11570.42
853,219,14,"No","Yes","Yes","Sunday","No","Yes",366.115,1500.12,2,10868,10234,10381.115,11515.12
2218,209,8,"Yes","Yes","Yes","Saturday","No","Yes",470.51,1610.37,4,12233,10224,10485.51,11625.37
2278,200,9,"No","Yes","Yes","Tuesday","No","No",333.73,1306.15,4,12293,10215,10348.73,11321.15
1863,206,12,"No","Yes","Yes","Monday","No","No",326.565,1232.34,3,11878,10221,10341.565,11247.34
2321,207,11,"Yes","No","Yes","Thursday","No","No",316.905,1267.04,4,12336,10222,10331.905,11282.04
448,214,9,"Yes","Yes","Yes","Saturday","No","Yes",399.66,1488.07,1,10463,10229,10414.66,11503.07
1842,204,24,"Yes","Yes","Yes","Sunday","No","Yes",395.23,1591.63,3,11857,10219,10410.23,11606.63
834,196,8,"No","Yes","No","Saturday","No","Yes",262.62,1443.57,2,10849,10211,10277.62,11458.57
1961,221,10,"Yes","Yes","Yes","Friday","No","Yes",479.495,1583.7,4,11976,10236,10494.495,11598.7
2241,223,10,"No","Yes","Yes","Sunday","No","Yes",413.095,1532.87,4,12256,10238,10428.095,11547.87
1283,200,19,"Yes","Yes","Yes","Sunday","No","Yes",428.595,1550.7,2,11298,10215,10443.595,11565.7
1154,205,9,"No","Yes","Yes","Saturday","No","Yes",443.55,1581.58,2,11169,10220,10458.55,11596.58
1592,218,11,"Yes","Yes","Yes","Sunday","No","Yes",410.2,1535.9,3,11607,10233,10425.2,11550.9
1561,207,13,"No","Yes","Yes","Sunday","No","Yes",411.505,1600.61,3,11576,10222,10426.505,11615.61
1838,225,8,"Yes","No","No","Wednesday","No","No",238.91,1160.46,3,11853,10240,10253.91,11175.46
1998,201,11,"No","Yes","Yes","Friday","No","Yes",447.94,1490.54,4,12013,10216,10462.94,11505.54
2120,211,28,"No","Yes","No","Saturday","No","Yes",377.77,1506.43,4,12135,10226,10392.77,11521.43
575,213,28,"No","Yes","Yes","Wednesday","No","No",336.005,1273.14,1,10590,10228,10351.005,11288.14
785,203,9,"No","Yes","Yes","Saturday","No","Yes",325.785,1561.91,1,10800,10218,10340.785,11576.91
1996,208,11,"Yes","No","Yes","Sunday","No","Yes",377.66,1564.3,4,12011,10223,10392.66,11579.3
573,220,12,"No","No","No","Monday","No","No",157.135,1012.52,1,10588,10235,10172.135,11027.52
2514,214,10,"Yes","Yes","No","Sunday","No","Yes",469.51,1572.24,5,12529,10229,10484.51,11587.24
2424,212,8,"Yes","Yes","Yes","Friday","No","Yes",432.22,1589.99,4,12439,10227,10447.22,11604.99
1523,212,12,"No","Yes","Yes","Thursday","No","No",347.545,1192.45,3,11538,10227,10362.545,11207.45
2509,203,0,"No","Yes","Yes","Saturday","No","Yes",451.585,1597.33,5,12524,10218,10466.585,11612.33
2458,220,14,"No","Yes","Yes","Tuesday","No","No",388.64,1363.27,4,12473,10235,10403.64,11378.27
1656,210,0,"No","Yes","No","Sunday","No","Yes",296.83,1491.4,3,11671,10225,10311.83,11506.4
3716,211,0,"Yes","Yes","Yes","Saturday","No","Yes",466.48,1734.58,7,13731,10226,10481.48,11749.58
1767,220,11,"Yes","Yes","Yes","Wednesday","No","No",331.905,1303.63,3,11782,10235,10346.905,11318.63
1899,209,18,"No","Yes","Yes","Friday","No","Yes",440.415,1657.79,3,11914,10224,10455.415,11672.79
1164,212,13,"No","Yes","Yes","Thursday","No","No",351.96,1192.51,2,11179,10227,10366.96,11207.51
1758,220,11,"No","Yes","No","Saturday","No","Yes",342.12,1456.39,3,11773,10235,10357.12,11471.39
927,212,12,"Yes","Yes","Yes","Sunday","No","Yes",404.895,1621.37,2,10942,10227,10419.895,11636.37
2202,221,7,"No","Yes","No","Wednesday","No","No",298.49,1247.55,4,12217,10236,10313.49,11262.55
1567,199,9,"No","Yes","Yes","Monday","No","No",360.975,1199.18,3,11582,10214,10375.975,11214.18
1514,208,6,"Yes","Yes","Yes","Friday","No","Yes",402.17,1634.6,3,11529,10223,10417.17,11649.6
972,218,32,"No","Yes","Yes","Sunday","No","Yes",401.76,1469.26,2,10987,10233,10416.76,11484.26
2444,196,9,"Yes","No","Yes","Friday","No","Yes",370.45,1507.04,4,12459,10211,10385.45,11522.04
3996,168,10,"No","Yes","Yes","Wednesday","Yes","No",294.22,1316.96,7,14011,10183,10309.22,11331.96
1848,199,19,"Yes","Yes","Yes","Thursday","No","No",330.01,1368.15,3,11863,10214,10345.01,11383.15
2083,203,14,"No","No","Yes","Saturday","No","Yes",353.335,1436.42,4,12098,10218,10368.335,11451.42
2588,210,9,"No","Yes","Yes","Monday","No","No",315.33,1247.23,5,12603,10225,10330.33,11262.23
2192,209,8,"No","Yes","Yes","Tuesday","No","No",299.8,1268.93,4,12207,10224,10314.8,11283.93
1501,195,8,"No","Yes","Yes","Saturday","No","Yes",401.125,1580.98,3,11516,10210,10416.125,11595.98
2331,202,13,"Yes","No","Yes","Sunday","No","Yes",387.835,1420.76,4,12346,10217,10402.835,11435.76
1996,206,8,"Yes","Yes","Yes","Saturday","No","Yes",415.91,1592.88,4,12011,10221,10430.91,11607.88
2331,203,6,"Yes","Yes","No","Saturday","No","Yes",330.815,1588.03,4,12346,10218,10345.815,11603.03
1988,223,11,"Yes","Yes","Yes","Sunday","No","Yes",453.41,1551.6,4,12003,10238,10468.41,11566.6
1159,219,32,"No","Yes","Yes","Tuesday","No","No",298.785,1302.74,2,11174,10234,10313.785,11317.74
1787,211,9,"Yes","Yes","Yes","Saturday","No","Yes",422.605,1634.17,3,11802,10226,10437.605,11649.17
1306,213,9,"No","Yes","Yes","Saturday","No","Yes",380.92,1531.27,2,11321,10228,10395.92,11546.27
3920,199,12,"Yes","Yes","Yes","Friday","No","Yes",487.96,1772.6,7,13935,10214,10502.96,11787.6
2105,215,9,"Yes","Yes","Yes","Wednesday","No","No",313.995,1302.46,4,12120,10230,10328.995,11317.46
1195,219,11,"No","Yes","Yes","Tuesday","No","No",267.785,1266.2,2,11210,10234,10282.785,11281.2
2304,207,25,"No","Yes","Yes","Wednesday","No","No",376.62,1345.41,4,12319,10222,10391.62,11360.41
3817,197,10,"Yes","No","No","Wednesday","No","No",288.465,1316.05,7,13832,10212,10303.465,11331.05
4274,210,11,"No","Yes","No","Monday","No","No",350.92,1377.59,8,14289,10225,10365.92,11392.59
712,218,14,"Yes","No","Yes","Wednesday","No","No",288.21,1169.47,1,10727,10233,10303.21,11184.47
3825,214,11,"No","Yes","Yes","Tuesday","No","No",389.845,1459.8,7,13840,10229,10404.845,11474.8
718,199,28,"No","Yes","Yes","Sunday","No","Yes",346.21,1487.28,1,10733,10214,10361.21,11502.28
2188,205,9,"No","Yes","Yes","Saturday","No","Yes",441.42,1661.77,4,12203,10220,10456.42,11676.77
812,211,11,"No","No","Yes","Sunday","No","Yes",341.46,1473.53,1,10827,10226,10356.46,11488.53
1752,208,11,"Yes","No","Yes","Monday","No","No",370.44,1169.78,3,11767,10223,10385.44,11184.78
1067,199,0,"No","Yes","Yes","Wednesday","No","No",246.955,1278.19,2,11082,10214,10261.955,11293.19
750,208,9,"No","Yes","Yes","Saturday","No","Yes",357.81,1532.94,1,10765,10223,10372.81,11547.94
2875,205,10,"Yes","Yes","Yes","Monday","No","No",434.895,1382.9,5,12890,10220,10449.895,11397.9
1925,220,40,"No","Yes","Yes","Sunday","No","Yes",373.535,1615.6,4,11940,10235,10388.535,11630.6
1969,201,18,"No","Yes","Yes","Sunday","No","Yes",498.515,1603.11,4,11984,10216,10513.515,11618.11
723,218,14,"Yes","Yes","Yes","Saturday","No","Yes",431.595,1535.52,1,10738,10233,10446.595,11550.52
1812,214,10,"No","No","Yes","Tuesday","No","No",208.17,1118.87,3,11827,10229,10223.17,11133.87
2728,199,11,"No","Yes","Yes","Monday","No","No",378.08,1272.88,5,12743,10214,10393.08,11287.88
1880,197,10,"Yes","No","Yes","Thursday","No","No",328.63,1290.42,3,11895,10212,10343.63,11305.42
3059,219,0,"Yes","Yes","Yes","Saturday","No","Yes",448.475,1599.2,6,13074,10234,10463.475,11614.2
2207,200,18,"Yes","Yes","Yes","Wednesday","No","No",321.855,1337.34,4,12222,10215,10336.855,11352.34
4073,170,13,"No","Yes","Yes","Saturday","Yes","Yes",427.805,1664.65,7,14088,10185,10442.805,11679.65
1676,219,12,"No","No","Yes","Saturday","No","Yes",349.71,1534.21,3,11691,10234,10364.71,11549.21
1114,208,11,"Yes","Yes","No","Monday","No","No",279.46,1233.18,2,11129,10223,10294.46,11248.18
1548,206,9,"No","No","No","Friday","No","Yes",260.37,1389.55,3,11563,10221,10275.37,11404.55
947,218,0,"Yes","Yes","Yes","Wednesday","No","No",291.765,1231.49,2,10962,10233,10306.765,11246.49
1853,211,10,"No","No","Yes","Sunday","No","Yes",292.955,1472.08,3,11868,10226,10307.955,11487.08
766,208,8,"Yes","Yes","Yes","Saturday","No","Yes",421.73,1549.08,1,10781,10223,10436.73,11564.08
1208,215,25,"Yes","No","Yes","Sunday","No","Yes",347.34,1494.04,2,11223,10230,10362.34,11509.04
2413,223,7,"No","No","Yes","Sunday","No","Yes",433.135,1377.47,4,12428,10238,10448.135,11392.47
2405,198,11,"No","Yes","Yes","Tuesday","No","No",369.815,1210.24,4,12420,10213,10384.815,11225.24
1368,205,8,"No","Yes","Yes","Friday","No","Yes",342.8,1521.34,2,11383,10220,10357.8,11536.34
2926,219,8,"Yes","No","Yes","Saturday","No","Yes",403.14,1545.03,5,12941,10234,10418.14,11560.03
1817,220,13,"No","Yes","Yes","Sunday","No","Yes",401.345,1610.14,3,11832,10235,10416.345,11625.14
654,203,18,"Yes","Yes","Yes","Saturday","No","Yes",466.22,1471.63,1,10669,10218,10481.22,11486.63
3885,196,14,"Yes","Yes","Yes","Saturday","No","Yes",507.065,1708.67,7,13900,10211,10522.065,11723.67
3932,164,25,"No","No","Yes","Saturday","Yes","Yes",347.44,1591.02,7,13947,10179,10362.44,11606.02
3823,218,9,"Yes","No","Yes","Sunday","No","Yes",441.805,1694.26,7,13838,10233,10456.805,11709.26
1562,212,21,"No","Yes","Yes","Friday","No","Yes",426.46,1575.43,3,11577,10227,10441.46,11590.43
1295,212,0,"No","Yes","Yes","Sunday","No","Yes",387.055,1498.76,2,11310,10227,10402.055,11513.76
2066,206,11,"Yes","Yes","Yes","Wednesday","No","No",304.61,1265.27,4,12081,10221,10319.61,11280.27
1949,220,9,"No","No","Yes","Saturday","No","Yes",363.725,1532.12,4,11964,10235,10378.725,11547.12
787,165,12,"No","Yes","Yes","Wednesday","Yes","No",294.105,1179.75,1,10802,10180,10309.105,11194.75
3903,214,11,"Yes","No","Yes","Monday","No","No",400.105,1348.48,7,13918,10229,10415.105,11363.48
2170,214,11,"No","Yes","Yes","Tuesday","No","No",357.74,1304.27,4,12185,10229,10372.74,11319.27
4132,203,27,"No","Yes","Yes","Saturday","No","Yes",529.32,1715.83,8,14147,10218,10544.32,11730.83
3911,204,7,"No","Yes","Yes","Saturday","No","Yes",450.345,1696.29,7,13926,10219,10465.345,11711.29
2153,210,12,"Yes","Yes","Yes","Tuesday","No","No",346.385,1272.5,4,12168,10225,10361.385,11287.5
2978,206,9,"No","Yes","Yes","Sunday","No","Yes",466.91,1654.49,5,12993,10221,10481.91,11669.49
1762,205,12,"No","Yes","No","Saturday","No","Yes",335.85,1491.26,3,11777,10220,10350.85,11506.26
1714,207,0,"No","Yes","Yes","Monday","No","No",320.91,1193.8,3,11729,10222,10335.91,11208.8
1211,168,13,"No","Yes","Yes","Friday","Yes","Yes",309.495,1508.5,2,11226,10183,10324.495,11523.5
807,203,11,"No","No","Yes","Wednesday","No","No",258.575,1093.67,1,10822,10218,10273.575,11108.67
4182,209,0,"Yes","Yes","Yes","Wednesday","No","No",416.32,1441.36,8,14197,10224,10431.32,11456.36
2879,196,11,"No","Yes","Yes","Friday","No","Yes",447.075,1615.88,5,12894,10211,10462.075,11630.88
2464,203,12,"Yes","No","Yes","Saturday","No","Yes",367,1646.59,4,12479,10218,10382,11661.59
1954,211,12,"No","Yes","Yes","Monday","No","No",406.6,1227.52,4,11969,10226,10421.6,11242.52
744,186,11,"No","Yes","Yes","Wednesday","No","No",319.52,1200.09,1,10759,10201,10334.52,11215.09
1117,225,7,"No","Yes","Yes","Sunday","No","Yes",405.085,1540.16,2,11132,10240,10420.085,11555.16
1049,226,0,"Yes","Yes","Yes","Friday","No","Yes",409.905,1479.2,2,11064,10241,10424.905,11494.2
1704,211,12,"No","Yes","Yes","Sunday","No","Yes",379.92,1606.27,3,11719,10226,10394.92,11621.27
2880,214,10,"No","Yes","Yes","Thursday","No","No",340.87,1301.26,5,12895,10229,10355.87,11316.26
1426,205,6,"No","Yes","Yes","Sunday","No","Yes",414.67,1579.12,3,11441,10220,10429.67,11594.12
2710,207,10,"No","Yes","Yes","Friday","No","Yes",429.93,1618.97,5,12725,10222,10444.93,11633.97
2356,209,9,"Yes","No","Yes","Monday","No","No",281.25,1229.89,4,12371,10224,10296.25,11244.89
611,206,9,"No","Yes","Yes","Tuesday","No","No",332.655,1213.03,1,10626,10221,10347.655,11228.03
2693,209,12,"Yes","Yes","No","Sunday","No","Yes",354.935,1566.38,5,12708,10224,10369.935,11581.38
2066,222,11,"No","Yes","Yes","Saturday","No","Yes",454.25,1593.24,4,12081,10237,10469.25,11608.24
4083,202,31,"No","Yes","Yes","Thursday","No","No",415.755,1393.75,7,14098,10217,10430.755,11408.75
3983,176,10,"No","Yes","Yes","Friday","Yes","Yes",394.605,1588.23,7,13998,10191,10409.605,11603.23
4063,214,11,"No","Yes","Yes","Saturday","No","Yes",459.015,1712.89,7,14078,10229,10474.015,11727.89
2493,201,12,"Yes","Yes","Yes","Friday","No","Yes",424.835,1605.37,5,12508,10216,10439.835,11620.37
3957,216,13,"No","Yes","Yes","Saturday","No","Yes",480.805,1694.59,7,13972,10231,10495.805,11709.59
3900,201,12,"No","Yes","Yes","Tuesday","No","No",417.48,1345.99,7,13915,10216,10432.48,11360.99
894,206,11,"No","Yes","Yes","Sunday","No","Yes",338.09,1498.79,2,10909,10221,10353.09,11513.79
820,212,35,"No","Yes","Yes","Tuesday","No","No",279.58,1321.92,1,10835,10227,10294.58,11336.92
1522,217,8,"No","Yes","Yes","Friday","No","Yes",323.99,1530.95,3,11537,10232,10338.99,11545.95
634,213,7,"Yes","Yes","Yes","Friday","No","Yes",426.33,1507.1,1,10649,10228,10441.33,11522.1
1721,205,30,"No","No","Yes","Tuesday","No","No",219.495,1229.35,3,11736,10220,10234.495,11244.35
2242,210,9,"No","Yes","Yes","Friday","No","Yes",389.8,1481.68,4,12257,10225,10404.8,11496.68
2813,209,14,"No","Yes","No","Friday","No","Yes",400.515,1529.02,5,12828,10224,10415.515,11544.02
2330,211,0,"Yes","Yes","Yes","Saturday","No","Yes",479.48,1606.47,4,12345,10226,10494.48,11621.47
2491,199,9,"Yes","Yes","Yes","Saturday","No","Yes",476.595,1674.59,5,12506,10214,10491.595,11689.59
523,214,9,"No","No","Yes","Saturday","No","Yes",339.045,1433.64,1,10538,10229,10354.045,11448.64
2780,224,0,"No","Yes","Yes","Friday","No","Yes",490.28,1622.73,5,12795,10239,10505.28,11637.73
2212,206,11,"Yes","Yes","Yes","Wednesday","No","No",364.83,1264.67,4,12227,10221,10379.83,11279.67
911,218,0,"No","No","Yes","Saturday","No","Yes",301.765,1460.97,2,10926,10233,10316.765,11475.97
2512,202,12,"Yes","No","Yes","Monday","No","No",319.58,1234.37,5,12527,10217,10334.58,11249.37
1223,218,12,"Yes","Yes","Yes","Friday","No","Yes",387.045,1560.73,2,11238,10233,10402.045,11575.73
770,220,8,"No","Yes","Yes","Friday","No","Yes",388.34,1550.34,1,10785,10235,10403.34,11565.34
1010,204,8,"No","No","Yes","Saturday","No","Yes",378.04,1509.9,2,11025,10219,10393.04,11524.9
1211,196,27,"No","Yes","Yes","Saturday","No","Yes",409.235,1450.49,2,11226,10211,10424.235,11465.49
1824,199,11,"Yes","Yes","Yes","Saturday","No","Yes",451.14,1577.47,3,11839,10214,10466.14,11592.47
1990,207,8,"No","Yes","Yes","Wednesday","No","No",325.55,1266.03,4,12005,10222,10340.55,11281.03
628,204,9,"No","Yes","Yes","Saturday","No","Yes",470.43,1458.03,1,10643,10219,10485.43,11473.03
2387,158,20,"No","Yes","Yes","Sunday","Yes","Yes",328.305,1563.44,4,12402,10173,10343.305,11578.44
1569,160,9,"Yes","Yes","Yes","Tuesday","Yes","No",270.005,1218.19,3,11584,10175,10285.005,11233.19
1377,202,8,"No","Yes","Yes","Sunday","No","Yes",415.685,1494.53,3,11392,10217,10430.685,11509.53
2000,209,10,"No","Yes","Yes","Saturday","No","Yes",431.66,1508.35,4,12015,10224,10446.66,11523.35
1205,204,18,"No","Yes","Yes","Wednesday","No","No",318.785,1176.81,2,11220,10219,10333.785,11191.81
2172,224,10,"Yes","Yes","Yes","Tuesday","No","No",369.45,1432.13,4,12187,10239,10384.45,11447.13
1520,225,7,"Yes","No","Yes","Sunday","No","Yes",386.53,1561.46,3,11535,10240,10401.53,11576.46
1161,201,9,"No","Yes","Yes","Monday","No","No",294.715,1238.31,2,11176,10216,10309.715,11253.31
2542,216,0,"No","No","Yes","Friday","No","Yes",357.79,1508.59,5,12557,10231,10372.79,11523.59
3511,206,12,"No","Yes","No","Sunday","No","Yes",371.555,1601.24,6,13526,10221,10386.555,11616.24
2648,195,6,"No","Yes","Yes","Sunday","No","Yes",401.81,1640.92,5,12663,10210,10416.81,11655.92
740,220,9,"No","Yes","Yes","Wednesday","No","No",276.13,1230.65,1,10755,10235,10291.13,11245.65
2355,210,11,"No","Yes","Yes","Sunday","No","Yes",476.425,1618.84,4,12370,10225,10491.425,11633.84
1925,200,11,"Yes","Yes","Yes","Friday","No","Yes",446.005,1570.56,4,11940,10215,10461.005,11585.56
690,212,11,"Yes","Yes","Yes","Sunday","No","Yes",399.27,1547.78,1,10705,10227,10414.27,11562.78
3165,203,10,"No","Yes","Yes","Wednesday","No","No",382.135,1350.82,6,13180,10218,10397.135,11365.82
3866,194,9,"No","Yes","Yes","Saturday","No","Yes",528.28,1645.48,7,13881,10209,10543.28,11660.48
1923,206,11,"No","No","Yes","Thursday","No","No",261.135,1172.35,3,11938,10221,10276.135,11187.35
756,227,10,"No","No","Yes","Wednesday","No","No",217.47,1082.91,1,10771,10242,10232.47,11097.91
2417,170,10,"No","Yes","Yes","Friday","Yes","Yes",405.915,1488.68,4,12432,10185,10420.915,11503.68
1021,216,24,"No","Yes","Yes","Tuesday","No","No",244.415,1209.02,2,11036,10231,10259.415,11224.02
2530,212,9,"No","Yes","Yes","Thursday","No","No",350.71,1309.2,5,12545,10227,10365.71,11324.2
2098,214,11,"Yes","Yes","Yes","Sunday","No","Yes",460.39,1652.91,4,12113,10229,10475.39,11667.91
1169,216,0,"No","No","No","Thursday","No","No",141.065,1123.94,2,11184,10231,10156.065,11138.94
2112,208,8,"No","Yes","Yes","Saturday","No","Yes",446.48,1594.62,4,12127,10223,10461.48,11609.62
2419,210,11,"No","No","Yes","Tuesday","No","No",315.885,1224.65,4,12434,10225,10330.885,11239.65
654,207,11,"Yes","Yes","Yes","Thursday","No","No",305.48,1207.87,1,10669,10222,10320.48,11222.87
1671,203,10,"No","No","Yes","Sunday","No","Yes",321.425,1476.92,3,11686,10218,10336.425,11491.92
2445,209,7,"Yes","Yes","Yes","Wednesday","No","No",417.345,1324.12,4,12460,10224,10432.345,11339.12
2236,228,12,"No","Yes","Yes","Friday","No","Yes",479.67,1611.4,4,12251,10243,10494.67,11626.4
2089,207,10,"No","No","Yes","Saturday","No","Yes",328.455,1561.89,4,12104,10222,10343.455,11576.89
2124,206,10,"No","No","Yes","Monday","No","No",279.47,1176.71,4,12139,10221,10294.47,11191.71
2047,213,13,"No","No","Yes","Tuesday","No","No",263.565,1213.4,4,12062,10228,10278.565,11228.4
2253,206,10,"Yes","Yes","Yes","Saturday","No","Yes",472.165,1573.97,4,12268,10221,10487.165,11588.97
2117,214,12,"No","Yes","Yes","Saturday","No","Yes",422.635,1615.94,4,12132,10229,10437.635,11630.94
2477,149,8,"No","Yes","Yes","Tuesday","Yes","No",272.135,1282.7,5,12492,10164,10287.135,11297.7
940,206,22,"Yes","Yes","Yes","Friday","No","Yes",415.05,1545,2,10955,10221,10430.05,11560
1895,206,15,"Yes","No","Yes","Saturday","No","Yes",375.085,1557,3,11910,10221,10390.085,11572
4100,204,11,"No","No","Yes","Wednesday","No","No",354.3,1336.19,7,14115,10219,10369.3,11351.19
1726,207,26,"Yes","Yes","Yes","Saturday","No","Yes",437.52,1624.8,3,11741,10222,10452.52,11639.8
1722,204,9,"Yes","Yes","Yes","Sunday","No","Yes",433.34,1606.59,3,11737,10219,10448.34,11621.59
2196,226,7,"No","Yes","Yes","Friday","No","Yes",417.77,1567.04,4,12211,10241,10432.77,11582.04
3732,220,6,"Yes","Yes","No","Sunday","No","Yes",438.15,1603.56,7,13747,10235,10453.15,11618.56
2587,210,9,"No","Yes","Yes","Tuesday","No","No",321.045,1329.48,5,12602,10225,10336.045,11344.48
1668,209,9,"Yes","Yes","Yes","Friday","No","Yes",448.86,1613.69,3,11683,10224,10463.86,11628.69
2070,195,12,"Yes","Yes","No","Friday","No","Yes",375.83,1504.05,4,12085,10210,10390.83,11519.05
2733,216,9,"No","Yes","Yes","Wednesday","No","No",313.785,1382.84,5,12748,10231,10328.785,11397.84
1752,206,26,"Yes","Yes","Yes","Sunday","No","Yes",473.73,1569.5,3,11767,10221,10488.73,11584.5
880,170,9,"No","Yes","Yes","Thursday","Yes","No",250.59,1228.94,2,10895,10185,10265.59,11243.94
2624,210,10,"Yes","Yes","Yes","Sunday","No","Yes",441.59,1610.8,5,12639,10225,10456.59,11625.8
3888,214,11,"No","No","Yes","Friday","No","Yes",338.88,1597.75,7,13903,10229,10353.88,11612.75
4328,201,14,"No","Yes","No","Tuesday","No","No",299.07,1300.86,8,14343,10216,10314.07,11315.86
4409,209,7,"No","Yes","Yes","Saturday","No","Yes",508.935,1776.39,8,14424,10224,10523.935,11791.39
1800,207,9,"No","Yes","Yes","Friday","No","Yes",470.12,1518.55,3,11815,10222,10485.12,11533.55
3225,211,12,"No","Yes","Yes","Friday","No","Yes",385.795,1550.71,6,13240,10226,10400.795,11565.71
2912,209,8,"Yes","No","Yes","Friday","No","Yes",437.85,1533.57,5,12927,10224,10452.85,11548.57
2417,146,29,"No","Yes","Yes","Sunday","Yes","Yes",332.335,1588.25,4,12432,10161,10347.335,11603.25
1587,222,11,"No","No","Yes","Wednesday","No","No",295.675,1242.18,3,11602,10237,10310.675,11257.18
1888,217,29,"No","No","No","Monday","No","No",155.33,1152.7,3,11903,10232,10170.33,11167.7
619,215,10,"No","Yes","No","Friday","No","Yes",310.175,1456.92,1,10634,10230,10325.175,11471.92
2194,213,0,"No","Yes","Yes","Sunday","No","Yes",397.03,1607.7,4,12209,10228,10412.03,11622.7
2216,211,19,"Yes","Yes","Yes","Saturday","No","Yes",436.73,1610.56,4,12231,10226,10451.73,11625.56
855,216,11,"No","Yes","Yes","Sunday","No","Yes",391.475,1512.46,2,10870,10231,10406.475,11527.46
2498,211,30,"No","Yes","Yes","Monday","No","No",280.23,1312.66,5,12513,10226,10295.23,11327.66
2183,212,9,"Yes","Yes","Yes","Saturday","No","Yes",525.615,1652.76,4,12198,10227,10540.615,11667.76
2718,220,11,"Yes","Yes","Yes","Tuesday","No","No",392.49,1304.42,5,12733,10235,10407.49,11319.42
656,208,0,"No","No","Yes","Friday","No","Yes",316.06,1428.82,1,10671,10223,10331.06,11443.82
2711,219,8,"Yes","Yes","Yes","Sunday","No","Yes",485.465,1725.53,5,12726,10234,10500.465,11740.53
2055,210,10,"Yes","Yes","Yes","Sunday","No","Yes",430.555,1610.94,4,12070,10225,10445.555,11625.94
720,213,10,"Yes","Yes","Yes","Sunday","No","Yes",441.16,1533.89,1,10735,10228,10456.16,11548.89
1498,214,23,"Yes","Yes","Yes","Sunday","No","Yes",414.54,1582.68,3,11513,10229,10429.54,11597.68
749,200,10,"No","Yes","Yes","Saturday","No","Yes",359.585,1474.84,1,10764,10215,10374.585,11489.84
1848,189,24,"No","Yes","Yes","Thursday","No","No",349.96,1228.2,3,11863,10204,10364.96,11243.2
889,207,13,"No","Yes","Yes","Saturday","No","Yes",349.825,1553.4,2,10904,10222,10364.825,11568.4
2009,225,12,"Yes","Yes","No","Sunday","No","Yes",342.215,1445.08,4,12024,10240,10357.215,11460.08
1630,154,22,"No","Yes","Yes","Monday","Yes","No",256.27,1235.33,3,11645,10169,10271.27,11250.33
2481,216,0,"No","Yes","Yes","Friday","No","Yes",424.245,1661.28,5,12496,10231,10439.245,11676.28
1092,215,23,"No","No","Yes","Sunday","No","Yes",312.43,1525.06,2,11107,10230,10327.43,11540.06
783,207,16,"No","Yes","Yes","Tuesday","No","No",316.865,1240.38,1,10798,10222,10331.865,11255.38
3903,200,9,"No","Yes","Yes","Friday","No","Yes",443.225,1663.99,7,13918,10215,10458.225,11678.99
768,205,10,"Yes","No","Yes","Saturday","No","Yes",365.48,1471.66,1,10783,10220,10380.48,11486.66
1934,213,11,"No","Yes","Yes","Tuesday","No","No",338.88,1280.9,4,11949,10228,10353.88,11295.9
3159,198,12,"No","Yes","Yes","Wednesday","No","No",364.925,1260,6,13174,10213,10379.925,11275
872,205,13,"Yes","Yes","Yes","Tuesday","No","No",359.8,1172.66,2,10887,10220,10374.8,11187.66
879,213,12,"Yes","Yes","Yes","Friday","No","Yes",411.385,1490.58,2,10894,10228,10426.385,11505.58
2255,207,8,"No","Yes","Yes","Friday","No","Yes",458.505,1538.81,4,12270,10222,10473.505,11553.81
2556,202,26,"Yes","Yes","Yes","Monday","No","No",366.34,1357.8,5,12571,10217,10381.34,11372.8
2328,209,12,"No","Yes","Yes","Friday","No","Yes",430.51,1643.55,4,12343,10224,10445.51,11658.55
2011,215,10,"No","Yes","Yes","Friday","No","Yes",447.675,1530.91,4,12026,10230,10462.675,11545.91
3977,221,13,"No","No","Yes","Sunday","No","Yes",406.985,1630.4,7,13992,10236,10421.985,11645.4
601,191,12,"No","Yes","Yes","Wednesday","No","No",352.075,1237.58,1,10616,10206,10367.075,11252.58
692,212,0,"Yes","Yes","Yes","Friday","No","Yes",446.28,1518.49,1,10707,10227,10461.28,11533.49
2122,208,8,"No","Yes","Yes","Saturday","No","Yes",425.7,1635.25,4,12137,10223,10440.7,11650.25
1871,218,0,"Yes","Yes","Yes","Monday","No","No",348.645,1291.81,3,11886,10233,10363.645,11306.81
629,208,9,"No","Yes","Yes","Tuesday","No","No",345.105,1269.36,1,10644,10223,10360.105,11284.36
3935,207,5,"Yes","Yes","Yes","Saturday","No","Yes",503.935,1672.48,7,13950,10222,10518.935,11687.48
2784,214,9,"No","Yes","Yes","Wednesday","No","No",298.23,1377.8,5,12799,10229,10313.23,11392.8
1440,200,9,"No","No","Yes","Tuesday","No","No",155.03,1172.35,3,11455,10215,10170.03,11187.35
580,214,11,"No","No","Yes","Tuesday","No","No",235.19,1129.9,1,10595,10229,10250.19,11144.9
1615,201,10,"No","Yes","Yes","Monday","No","No",326.765,1273.57,3,11630,10216,10341.765,11288.57
2235,177,10,"No","Yes","Yes","Friday","Yes","Yes",320.375,1521.31,4,12250,10192,10335.375,11536.31
2323,201,20,"No","Yes","Yes","Sunday","No","Yes",453.645,1644.3,4,12338,10216,10468.645,11659.3
709,205,12,"No","Yes","Yes","Wednesday","No","No",271.305,1163,1,10724,10220,10286.305,11178
708,197,12,"No","Yes","Yes","Tuesday","No","No",356.49,1231.54,1,10723,10212,10371.49,11246.54
1817,210,10,"Yes","Yes","Yes","Saturday","No","Yes",448.185,1558.48,3,11832,10225,10463.185,11573.48
3131,204,12,"No","Yes","Yes","Saturday","No","Yes",452.125,1631.63,6,13146,10219,10467.125,11646.63
2147,216,0,"No","Yes","Yes","Saturday","No","Yes",470.375,1544.73,4,12162,10231,10485.375,11559.73
1766,155,8,"No","Yes","Yes","Sunday","Yes","Yes",291.93,1604.74,3,11781,10170,10306.93,11619.74
2528,198,13,"No","Yes","Yes","Saturday","No","Yes",452.62,1604.54,5,12543,10213,10467.62,11619.54
3912,204,10,"Yes","Yes","Yes","Saturday","No","Yes",424.15,1711.5,7,13927,10219,10439.15,11726.5
923,219,12,"No","Yes","Yes","Sunday","No","Yes",404.495,1569.3,2,10938,10234,10419.495,11584.3
1835,203,10,"Yes","Yes","Yes","Friday","No","Yes",394.105,1597.89,3,11850,10218,10409.105,11612.89
737,210,7,"No","Yes","Yes","Thursday","No","No",323.725,1181.39,1,10752,10225,10338.725,11196.39
2523,205,35,"No","Yes","Yes","Friday","No","Yes",460.885,1481.98,5,12538,10220,10475.885,11496.98
2664,202,19,"Yes","Yes","Yes","Saturday","No","Yes",429.41,1661.3,5,12679,10217,10444.41,11676.3
1341,206,0,"No","Yes","Yes","Sunday","No","Yes",405.545,1552.98,2,11356,10221,10420.545,11567.98
2292,211,12,"No","Yes","Yes","Sunday","No","Yes",451.36,1541.98,4,12307,10226,10466.36,11556.98
3866,213,28,"No","Yes","Yes","Saturday","No","Yes",460.78,1692.75,7,13881,10228,10475.78,11707.75
2382,209,10,"No","Yes","Yes","Sunday","No","Yes",436.33,1663.66,4,12397,10224,10451.33,11678.66
1174,235,9,"No","Yes","Yes","Sunday","No","Yes",416.28,1432.55,2,11189,10250,10431.28,11447.55
2579,210,0,"No","No","No","Saturday","No","Yes",278.635,1509,5,12594,10225,10293.635,11524
678,203,10,"Yes","Yes","No","Thursday","No","No",262.2,1119.58,1,10693,10218,10277.2,11134.58
1783,205,8,"Yes","Yes","Yes","Thursday","No","No",365.475,1346.65,3,11798,10220,10380.475,11361.65
2375,221,10,"No","No","Yes","Sunday","No","Yes",370.685,1540.2,4,12390,10236,10385.685,11555.2
910,222,10,"No","Yes","Yes","Thursday","No","No",333.7,1245.56,2,10925,10237,10348.7,11260.56
2336,217,8,"No","Yes","Yes","Tuesday","No","No",302.69,1320.72,4,12351,10232,10317.69,11335.72
1639,204,13,"Yes","Yes","Yes","Friday","No","Yes",436.775,1540.79,3,11654,10219,10451.775,11555.79
2701,210,0,"No","Yes","Yes","Saturday","No","Yes",483.225,1625.02,5,12716,10225,10498.225,11640.02
2197,213,9,"Yes","Yes","Yes","Friday","No","Yes",517.145,1650.64,4,12212,10228,10532.145,11665.64
934,203,14,"Yes","Yes","Yes","Saturday","No","Yes",433.68,1514.18,2,10949,10218,10448.68,11529.18
2461,212,8,"Yes","Yes","Yes","Tuesday","No","No",388.415,1346.07,4,12476,10227,10403.415,11361.07
1963,209,29,"No","Yes","Yes","Sunday","No","Yes",392.895,1511.47,4,11978,10224,10407.895,11526.47
596,200,0,"No","Yes","Yes","Sunday","No","Yes",387.66,1526.35,1,10611,10215,10402.66,11541.35
1438,225,0,"No","Yes","Yes","Wednesday","No","No",372.93,1292.52,3,11453,10240,10387.93,11307.52
4088,221,12,"Yes","Yes","Yes","Friday","No","Yes",490.1,1667.19,7,14103,10236,10505.1,11682.19
766,206,12,"No","No","Yes","Saturday","No","Yes",358.12,1450.06,1,10781,10221,10373.12,11465.06
1346,220,13,"No","No","Yes","Friday","No","Yes",317.25,1520.42,2,11361,10235,10332.25,11535.42
1782,211,9,"No","Yes","Yes","Sunday","No","Yes",403.05,1493.68,3,11797,10226,10418.05,11508.68
1496,216,12,"No","Yes","Yes","Friday","No","Yes",387.09,1568.11,3,11511,10231,10402.09,11583.11
870,216,13,"No","Yes","Yes","Sunday","No","Yes",411.88,1471.25,2,10885,10231,10426.88,11486.25
2500,213,11,"No","Yes","Yes","Tuesday","No","No",338.42,1293.35,5,12515,10228,10353.42,11308.35
4068,214,9,"No","Yes","Yes","Wednesday","No","No",346.77,1364.2,7,14083,10229,10361.77,11379.2
3932,210,32,"No","Yes","Yes","Friday","No","Yes",477.48,1773.3,7,13947,10225,10492.48,11788.3
2402,168,11,"No","No","Yes","Sunday","Yes","Yes",275.36,1537.59,4,12417,10183,10290.36,11552.59
2160,228,26,"No","Yes","Yes","Friday","No","Yes",418.43,1615.86,4,12175,10243,10433.43,11630.86
1213,221,10,"No","Yes","Yes","Thursday","No","No",325.945,1247.79,2,11228,10236,10340.945,11262.79
1728,214,40,"No","Yes","Yes","Friday","No","Yes",427.85,1578.94,3,11743,10229,10442.85,11593.94
1220,217,9,"Yes","No","Yes","Saturday","No","Yes",382.48,1532.16,2,11235,10232,10397.48,11547.16
2283,176,9,"Yes","Yes","Yes","Wednesday","Yes","No",283.505,1269.83,4,12298,10191,10298.505,11284.83
2323,206,11,"No","Yes","Yes","Friday","No","Yes",392.585,1515.32,4,12338,10221,10407.585,11530.32
1517,209,8,"Yes","Yes","Yes","Sunday","No","Yes",464.515,1562.18,3,11532,10224,10479.515,11577.18
702,209,35,"Yes","Yes","Yes","Friday","No","Yes",443.05,1467.04,1,10717,10224,10458.05,11482.04
916,215,12,"Yes","No","Yes","Wednesday","No","No",260.03,1236.92,2,10931,10230,10275.03,11251.92
2383,209,31,"Yes","Yes","Yes","Friday","No","Yes",450.525,1505.3,4,12398,10224,10465.525,11520.3
4304,227,8,"No","No","Yes","Sunday","No","Yes",463.54,1573.2,8,14319,10242,10478.54,11588.2
2094,153,10,"No","Yes","Yes","Monday","Yes","No",283.05,1236.74,4,12109,10168,10298.05,11251.74
1323,211,8,"No","Yes","Yes","Saturday","No","Yes",430.305,1536.75,2,11338,10226,10445.305,11551.75
1051,218,8,"No","No","Yes","Sunday","No","Yes",331.595,1447.31,2,11066,10233,10346.595,11462.31
1109,209,10,"No","Yes","Yes","Monday","No","No",312.455,1176.45,2,11124,10224,10327.455,11191.45
4289,199,12,"Yes","Yes","Yes","Friday","No","Yes",466.505,1685,8,14304,10214,10481.505,11700
1471,206,0,"No","Yes","Yes","Sunday","No","Yes",419.575,1471.99,3,11486,10221,10434.575,11486.99
2380,206,15,"No","No","Yes","Tuesday","No","No",225.89,1134.69,4,12395,10221,10240.89,11149.69
2393,211,12,"Yes","Yes","Yes","Sunday","No","Yes",475.785,1598.69,4,12408,10226,10490.785,11613.69
2596,221,10,"No","Yes","Yes","Tuesday","No","No",353.63,1245.37,5,12611,10236,10368.63,11260.37
1889,214,6,"No","Yes","Yes","Sunday","No","Yes",452.415,1529.42,3,11904,10229,10467.415,11544.42
2215,200,8,"No","No","No","Saturday","No","Yes",268.595,1441.28,4,12230,10215,10283.595,11456.28
2906,207,27,"No","Yes","Yes","Saturday","No","Yes",485.83,1590.84,5,12921,10222,10500.83,11605.84
873,219,8,"No","Yes","Yes","Saturday","No","Yes",429.275,1547.47,2,10888,10234,10444.275,11562.47
1565,209,14,"Yes","No","Yes","Sunday","No","Yes",378.595,1517.83,3,11580,10224,10393.595,11532.83
3935,225,10,"No","Yes","No","Saturday","No","Yes",319.065,1576.54,7,13950,10240,10334.065,11591.54
1972,218,13,"No","Yes","Yes","Friday","No","Yes",424.09,1599.86,4,11987,10233,10439.09,11614.86
2480,195,11,"No","Yes","Yes","Monday","No","No",307.37,1353.21,5,12495,10210,10322.37,11368.21
2523,222,0,"Yes","Yes","Yes","Monday","No","No",343.415,1346.41,5,12538,10237,10358.415,11361.41
1788,212,10,"Yes","Yes","Yes","Saturday","No","Yes",468.84,1573.09,3,11803,10227,10483.84,11588.09
937,217,30,"Yes","No","Yes","Sunday","No","Yes",375.425,1345.48,2,10952,10232,10390.425,11360.48
4176,203,12,"No","Yes","No","Tuesday","No","No",292.96,1358.76,8,14191,10218,10307.96,11373.76
3813,201,8,"Yes","No","Yes","Sunday","No","Yes",380.255,1602.39,7,13828,10216,10395.255,11617.39
3241,206,10,"Yes","Yes","Yes","Friday","No","Yes",470.415,1689.87,6,13256,10221,10485.415,11704.87
1116,219,11,"No","No","Yes","Tuesday","No","No",240.96,1115.75,2,11131,10234,10255.96,11130.75
798,210,10,"No","Yes","No","Saturday","No","Yes",356.45,1399.45,1,10813,10225,10371.45,11414.45
3952,204,9,"No","Yes","Yes","Saturday","No","Yes",475.23,1720.84,7,13967,10219,10490.23,11735.84
616,210,36,"No","Yes","Yes","Friday","No","Yes",352.66,1581.75,1,10631,10225,10367.66,11596.75
773,205,24,"No","Yes","Yes","Saturday","No","Yes",428.125,1477.56,1,10788,10220,10443.125,11492.56
1942,153,9,"Yes","Yes","Yes","Sunday","Yes","Yes",354.91,1599.64,4,11957,10168,10369.91,11614.64
1903,200,13,"Yes","No","Yes","Friday","No","Yes",374.125,1502.23,3,11918,10215,10389.125,11517.23
4280,204,0,"No","Yes","Yes","Friday","No","Yes",482.38,1650.96,8,14295,10219,10497.38,11665.96
1588,218,13,"No","Yes","No","Wednesday","No","No",201.99,1239.42,3,11603,10233,10216.99,11254.42
2789,199,8,"No","Yes","Yes","Saturday","No","Yes",505.925,1652.3,5,12804,10214,10520.925,11667.3
1832,205,10,"No","Yes","Yes","Saturday","No","Yes",403.6,1626.98,3,11847,10220,10418.6,11641.98
2804,203,12,"No","Yes","Yes","Friday","No","Yes",404.67,1615.26,5,12819,10218,10419.67,11630.26
2588,194,10,"No","No","Yes","Saturday","No","Yes",402.95,1477.92,5,12603,10209,10417.95,11492.92
2218,209,9,"No","Yes","Yes","Wednesday","No","No",385.33,1335.88,4,12233,10224,10400.33,11350.88
2045,198,10,"No","No","Yes","Sunday","No","Yes",334.525,1445.63,4,12060,10213,10349.525,11460.63
2366,203,31,"Yes","Yes","Yes","Friday","No","Yes",469.71,1645.34,4,12381,10218,10484.71,11660.34
841,212,12,"Yes","No","Yes","Saturday","No","Yes",381.275,1511.42,2,10856,10227,10396.275,11526.42
1537,181,10,"No","Yes","Yes","Saturday","No","Yes",420.655,1516.75,3,11552,10196,10435.655,11531.75
2509,212,20,"No","No","Yes","Wednesday","No","No",304.185,1267.13,5,12524,10227,10319.185,11282.13
1184,204,10,"No","Yes","Yes","Monday","No","No",360.66,1223.94,2,11199,10219,10375.66,11238.94
1705,206,12,"No","Yes","Yes","Friday","No","Yes",415.935,1567.78,3,11720,10221,10430.935,11582.78
1749,212,23,"No","No","Yes","Friday","No","Yes",286.815,1492.04,3,11764,10227,10301.815,11507.04
2461,208,0,"Yes","No","Yes","Sunday","No","Yes",326.105,1539.49,4,12476,10223,10341.105,11554.49
1818,217,10,"Yes","No","Yes","Saturday","No","Yes",351.16,1584.49,3,11833,10232,10366.16,11599.49
2200,162,11,"No","Yes","Yes","Friday","Yes","Yes",363.31,1549.98,4,12215,10177,10378.31,11564.98
637,161,13,"Yes","Yes","Yes","Saturday","Yes","Yes",330.475,1490.23,1,10652,10176,10345.475,11505.23
566,211,18,"No","Yes","Yes","Wednesday","No","No",364.76,1123.24,1,10581,10226,10379.76,11138.24
1483,199,12,"No","No","Yes","Tuesday","No","No",238.335,1169.44,3,11498,10214,10253.335,11184.44
756,213,11,"No","Yes","Yes","Monday","No","No",322.18,1220.82,1,10771,10228,10337.18,11235.82
568,209,10,"Yes","No","Yes","Wednesday","No","No",262.17,1113.14,1,10583,10224,10277.17,11128.14
3897,212,10,"Yes","Yes","Yes","Friday","No","Yes",498.875,1761.71,7,13912,10227,10513.875,11776.71
3895,211,0,"No","Yes","Yes","Sunday","No","Yes",431.805,1755.18,7,13910,10226,10446.805,11770.18
2036,211,10,"Yes","Yes","Yes","Friday","No","Yes",430.92,1576.29,4,12051,10226,10445.92,11591.29
2824,209,9,"Yes","No","Yes","Friday","No","Yes",398.63,1513.33,5,12839,10224,10413.63,11528.33
2115,209,11,"No","No","Yes","Sunday","No","Yes",333.725,1516.29,4,12130,10224,10348.725,11531.29
1678,200,19,"Yes","Yes","Yes","Wednesday","No","No",380.78,1244.71,3,11693,10215,10395.78,11259.71
662,224,13,"No","Yes","Yes","Monday","No","No",253.05,1252.11,1,10677,10239,10268.05,11267.11
2393,204,7,"No","Yes","Yes","Tuesday","No","No",361.795,1357.21,4,12408,10219,10376.795,11372.21
4020,204,12,"Yes","No","No","Sunday","No","Yes",380.9,1536.94,7,14035,10219,10395.9,11551.94
1907,200,12,"No","Yes","Yes","Thursday","No","No",271.365,1284.96,3,11922,10215,10286.365,11299.96
1517,217,5,"Yes","Yes","No","Saturday","No","Yes",342.485,1491.65,3,11532,10232,10357.485,11506.65
3060,206,13,"No","Yes","Yes","Sunday","No","Yes",468.41,1708.68,6,13075,10221,10483.41,11723.68
2266,214,0,"No","Yes","Yes","Saturday","No","Yes",401.1,1539.21,4,12281,10229,10416.1,11554.21
1454,198,9,"No","Yes","No","Thursday","No","No",272.4,1198.96,3,11469,10213,10287.4,11213.96
615,216,33,"No","Yes","Yes","Sunday","No","Yes",347.915,1433.3,1,10630,10231,10362.915,11448.3
2197,210,0,"No","Yes","Yes","Monday","No","No",353.505,1279.25,4,12212,10225,10368.505,11294.25
1299,214,31,"No","Yes","Yes","Saturday","No","Yes",444.455,1598.79,2,11314,10229,10459.455,11613.79
567,210,11,"No","Yes","Yes","Friday","No","Yes",350.495,1518.81,1,10582,10225,10365.495,11533.81
1800,201,23,"No","Yes","Yes","Thursday","No","No",320.54,1256.22,3,11815,10216,10335.54,11271.22
3976,219,7,"No","Yes","Yes","Saturday","No","Yes",459.96,1668.32,7,13991,10234,10474.96,11683.32
1734,214,29,"Yes","No","Yes","Friday","No","Yes",362.13,1499.15,3,11749,10229,10377.13,11514.15
2651,157,8,"No","Yes","Yes","Sunday","Yes","Yes",346.575,1575,5,12666,10172,10361.575,11590
2084,165,8,"Yes","Yes","No","Friday","Yes","Yes",295.6,1566.75,4,12099,10180,10310.6,11581.75
2939,211,8,"No","Yes","Yes","Sunday","No","Yes",478.645,1630.5,5,12954,10226,10493.645,11645.5
493,205,9,"Yes","No","Yes","Saturday","No","Yes",350.195,1448.42,1,10508,10220,10365.195,11463.42
2467,212,9,"Yes","Yes","Yes","Tuesday","No","No",316.855,1252.1,4,12482,10227,10331.855,11267.1
768,214,11,"Yes","Yes","Yes","Wednesday","No","No",267.46,1210.89,1,10783,10229,10282.46,11225.89
662,204,10,"No","No","Yes","Friday","No","Yes",244.65,1397.6,1,10677,10219,10259.65,11412.6
1136,208,10,"No","Yes","Yes","Sunday","No","Yes",401.73,1496.84,2,11151,10223,10416.73,11511.84
2213,219,14,"No","Yes","Yes","Saturday","No","Yes",450.455,1603.5,4,12228,10234,10465.455,11618.5
2016,199,12,"No","Yes","Yes","Saturday","No","Yes",416.31,1553.07,4,12031,10214,10431.31,11568.07
1851,210,12,"Yes","Yes","Yes","Saturday","No","Yes",384.965,1623.59,3,11866,10225,10399.965,11638.59
2477,159,12,"No","Yes","Yes","Monday","Yes","No",314.185,1332.7,5,12492,10174,10329.185,11347.7
1134,201,9,"No","Yes","Yes","Saturday","No","Yes",409.05,1511.04,2,11149,10216,10424.05,11526.04
2160,215,9,"Yes","Yes","Yes","Monday","No","No",290.52,1284.39,4,12175,10230,10305.52,11299.39
2430,220,11,"No","Yes","Yes","Tuesday","No","No",401.66,1298.66,4,12445,10235,10416.66,11313.66
2080,174,11,"No","Yes","Yes","Thursday","Yes","No",286.31,1306.53,4,12095,10189,10301.31,11321.53
1671,206,10,"Yes","Yes","Yes","Sunday","No","Yes",450.295,1546.79,3,11686,10221,10465.295,11561.79
867,211,13,"Yes","Yes","Yes","Tuesday","No","No",300.335,1202.84,2,10882,10226,10315.335,11217.84
2062,216,10,"Yes","Yes","Yes","Sunday","No","Yes",412.81,1563.89,4,12077,10231,10427.81,11578.89
756,215,10,"Yes","No","Yes","Friday","No","Yes",320.72,1472.7,1,10771,10230,10335.72,11487.7
438,205,8,"Yes","Yes","Yes","Saturday","No","Yes",406.31,1520.16,1,10453,10220,10421.31,11535.16
1053,213,0,"No","Yes","No","Saturday","No","Yes",378.435,1440.88,2,11068,10228,10393.435,11455.88
637,205,13,"Yes","Yes","Yes","Saturday","No","Yes",441.925,1501.96,1,10652,10220,10456.925,11516.96
1609,213,9,"Yes","Yes","Yes","Saturday","No","Yes",467.595,1607.81,3,11624,10228,10482.595,11622.81
2512,213,32,"No","Yes","Yes","Friday","No","Yes",418.42,1519.1,5,12527,10228,10433.42,11534.1
2102,204,10,"Yes","Yes","No","Sunday","No","Yes",405.97,1581.73,4,12117,10219,10420.97,11596.73
3900,206,10,"No","Yes","Yes","Wednesday","No","No",394.57,1407.58,7,13915,10221,10409.57,11422.58
737,192,7,"No","Yes","Yes","Friday","No","Yes",358.255,1455.59,1,10752,10207,10373.255,11470.59
2085,200,19,"No","No","Yes","Tuesday","No","No",288.575,1156.07,4,12100,10215,10303.575,11171.07
2484,222,21,"Yes","Yes","Yes","Sunday","No","Yes",449.86,1635.79,5,12499,10237,10464.86,11650.79
1963,205,9,"No","Yes","Yes","Friday","No","Yes",440.835,1561.82,4,11978,10220,10455.835,11576.82
2126,214,10,"No","Yes","Yes","Sunday","No","Yes",418.79,1579.45,4,12141,10229,10433.79,11594.45
1986,218,9,"No","Yes","Yes","Tuesday","No","No",335.03,1278.2,4,12001,10233,10350.03,11293.2
773,208,19,"No","Yes","Yes","Sunday","No","Yes",350.635,1416.25,1,10788,10223,10365.635,11431.25
871,154,10,"Yes","Yes","Yes","Saturday","Yes","Yes",399.685,1520.82,2,10886,10169,10414.685,11535.82
742,214,9,"No","No","Yes","Saturday","No","Yes",298.27,1482.81,1,10757,10229,10313.27,11497.81
665,208,21,"No","Yes","Yes","Saturday","No","Yes",408.455,1566.39,1,10680,10223,10423.455,11581.39
3752,192,0,"No","No","Yes","Saturday","No","Yes",461.73,1647.82,7,13767,10207,10476.73,11662.82
1753,214,14,"Yes","Yes","No","Friday","No","Yes",353.665,1509.77,3,11768,10229,10368.665,11524.77
700,212,11,"No","No","No","Saturday","No","Yes",251.3,1394.2,1,10715,10227,10266.3,11409.2
620,202,6,"No","Yes","Yes","Tuesday","No","No",282.28,1233.06,1,10635,10217,10297.28,11248.06
666,196,13,"No","Yes","Yes","Tuesday","No","No",322.89,1315.08,1,10681,10211,10337.89,11330.08
2555,211,10,"No","Yes","Yes","Tuesday","No","No",344.055,1236.98,5,12570,10226,10359.055,11251.98
4339,216,8,"No","Yes","Yes","Friday","No","Yes",474.785,1729.01,8,14354,10231,10489.785,11744.01
1191,211,9,"No","Yes","Yes","Friday","No","Yes",361.115,1582.22,2,11206,10226,10376.115,11597.22
2720,213,11,"No","Yes","Yes","Wednesday","No","No",439.09,1330.33,5,12735,10228,10454.09,11345.33
2282,219,8,"Yes","Yes","Yes","Saturday","No","Yes",494.81,1624.18,4,12297,10234,10509.81,11639.18
664,208,9,"No","Yes","No","Friday","No","Yes",348.83,1450.04,1,10679,10223,10363.83,11465.04
3991,222,8,"No","Yes","No","Saturday","No","Yes",421.355,1577.23,7,14006,10237,10436.355,11592.23
1539,175,15,"No","Yes","Yes","Friday","Yes","Yes",322.305,1537.82,3,11554,10190,10337.305,11552.82
3934,219,11,"Yes","Yes","Yes","Saturday","No","Yes",527.32,1794.93,7,13949,10234,10542.32,11809.93
2470,196,9,"No","Yes","Yes","Wednesday","No","No",415.31,1275.38,4,12485,10211,10430.31,11290.38
3036,167,13,"No","No","Yes","Thursday","Yes","No",210.75,1266.06,6,13051,10182,10225.75,11281.06
2182,217,11,"No","No","Yes","Saturday","No","Yes",400.88,1464.06,4,12197,10232,10415.88,11479.06
777,204,10,"Yes","Yes","Yes","Monday","No","No",357.415,1305.41,1,10792,10219,10372.415,11320.41
1912,194,12,"Yes","No","Yes","Tuesday","No","No",284.19,1107.05,3,11927,10209,10299.19,11122.05
1591,213,0,"Yes","Yes","Yes","Sunday","No","Yes",443.835,1513.88,3,11606,10228,10458.835,11528.88
2559,208,9,"No","Yes","Yes","Saturday","No","Yes",435.535,1505.74,5,12574,10223,10450.535,11520.74
2212,205,0,"Yes","No","Yes","Monday","No","No",274.62,1300.1,4,12227,10220,10289.62,11315.1
2312,207,10,"No","Yes","Yes","Friday","No","Yes",439.75,1613.92,4,12327,10222,10454.75,11628.92
2666,208,10,"No","Yes","Yes","Saturday","No","Yes",419.89,1712.25,5,12681,10223,10434.89,11727.25
1722,220,8,"No","Yes","Yes","Friday","No","Yes",395.14,1566.79,3,11737,10235,10410.14,11581.79
895,171,7,"Yes","Yes","Yes","Friday","Yes","Yes",356.675,1554.56,2,10910,10186,10371.675,11569.56
2115,205,47,"No","Yes","Yes","Wednesday","No","No",354.445,1341.3,4,12130,10220,10369.445,11356.3
1633,205,15,"Yes","Yes","Yes","Sunday","No","Yes",425.765,1667.24,3,11648,10220,10440.765,11682.24
2017,208,0,"No","Yes","Yes","Tuesday","No","No",291.495,1284.44,4,12032,10223,10306.495,11299.44
3879,195,10,"Yes","No","Yes","Wednesday","No","No",330.415,1299.56,7,13894,10210,10345.415,11314.56
2571,179,11,"No","Yes","Yes","Monday","Yes","No",262.855,1345.83,5,12586,10194,10277.855,11360.83
1418,210,35,"No","Yes","Yes","Thursday","No","No",375.43,1307.72,3,11433,10225,10390.43,11322.72
1101,217,7,"No","Yes","Yes","Monday","No","No",365.945,1154.34,2,11116,10232,10380.945,11169.34
1849,201,13,"No","No","Yes","Monday","No","No",292.475,1240.21,3,11864,10216,10307.475,11255.21
2306,223,30,"Yes","Yes","Yes","Thursday","No","No",379.2,1364.06,4,12321,10238,10394.2,11379.06
2353,208,29,"No","Yes","Yes","Monday","No","No",394.625,1244.47,4,12368,10223,10409.625,11259.47
2915,212,10,"Yes","Yes","Yes","Sunday","No","Yes",466.185,1619.9,5,12930,10227,10481.185,11634.9
1834,201,12,"No","Yes","No","Saturday","No","Yes",365.33,1602.41,3,11849,10216,10380.33,11617.41
2364,198,12,"No","Yes","No","Tuesday","No","No",301.67,1219.29,4,12379,10213,10316.67,11234.29
3835,196,6,"No","Yes","Yes","Sunday","No","Yes",471.795,1688.45,7,13850,10211,10486.795,11703.45
2157,203,12,"No","Yes","Yes","Sunday","No","Yes",464.915,1541.63,4,12172,10218,10479.915,11556.63
1971,190,12,"No","No","No","Tuesday","No","No",196.515,1106.73,4,11986,10205,10211.515,11121.73
739,216,9,"No","Yes","Yes","Sunday","No","Yes",407.805,1412.42,1,10754,10231,10422.805,11427.42
4218,218,8,"No","No","Yes","Monday","No","No",296.37,1191.88,8,14233,10233,10311.37,11206.88
1612,220,11,"No","Yes","Yes","Thursday","No","No",321.17,1180.11,3,11627,10235,10336.17,11195.11
2502,215,11,"Yes","Yes","Yes","Monday","No","No",354.78,1282.45,5,12517,10230,10369.78,11297.45
1615,215,10,"Yes","Yes","Yes","Saturday","No","Yes",442.545,1603.27,3,11630,10230,10457.545,11618.27
719,177,7,"No","Yes","Yes","Monday","Yes","No",244.685,1193.02,1,10734,10192,10259.685,11208.02
1235,202,6,"Yes","Yes","Yes","Friday","No","Yes",412.365,1640.76,2,11250,10217,10427.365,11655.76
643,210,7,"No","No","Yes","Sunday","No","Yes",274.965,1384.55,1,10658,10225,10289.965,11399.55
2632,208,9,"Yes","No","Yes","Wednesday","No","No",300.47,1330.45,5,12647,10223,10315.47,11345.45
1896,210,4,"Yes","Yes","Yes","Saturday","No","Yes",428.61,1540.85,3,11911,10225,10443.61,11555.85
1380,202,9,"No","Yes","Yes","Thursday","No","No",324.55,1230.63,3,11395,10217,10339.55,11245.63
1202,213,13,"No","Yes","Yes","Wednesday","No","No",249.58,1267.58,2,11217,10228,10264.58,11282.58
2931,217,0,"No","Yes","Yes","Sunday","No","Yes",458.055,1631.23,5,12946,10232,10473.055,11646.23
2175,214,14,"Yes","No","Yes","Tuesday","No","No",251.715,1224.12,4,12190,10229,10266.715,11239.12
2156,212,9,"Yes","No","Yes","Sunday","No","Yes",392.61,1512.37,4,12171,10227,10407.61,11527.37
972,213,8,"Yes","Yes","Yes","Sunday","No","Yes",493.71,1465.77,2,10987,10228,10508.71,11480.77
792,205,11,"No","No","Yes","Thursday","No","No",210,1111.56,1,10807,10220,10225,11126.56
692,151,11,"No","No","Yes","Sunday","Yes","Yes",247.59,1433.77,1,10707,10166,10262.59,11448.77
2106,210,30,"Yes","Yes","Yes","Thursday","No","No",340.77,1304.66,4,12121,10225,10355.77,11319.66
908,210,12,"No","Yes","Yes","Saturday","No","Yes",411.55,1606.4,2,10923,10225,10426.55,11621.4
3013,204,0,"No","Yes","Yes","Sunday","No","Yes",442.255,1622.1,5,13028,10219,10457.255,11637.1
531,208,8,"No","No","Yes","Tuesday","No","No",261.225,1136.51,1,10546,10223,10276.225,11151.51
1920,222,35,"Yes","No","Yes","Saturday","No","Yes",362.41,1525.84,3,11935,10237,10377.41,11540.84
2567,196,0,"Yes","Yes","Yes","Monday","No","No",372.695,1211.77,5,12582,10211,10387.695,11226.77
1855,224,10,"Yes","No","Yes","Tuesday","No","No",259.915,1205.42,3,11870,10239,10274.915,11220.42
2621,193,7,"No","Yes","Yes","Friday","No","Yes",475.875,1543.85,5,12636,10208,10490.875,11558.85
1034,210,6,"No","Yes","Yes","Monday","No","No",293.2,1212.92,2,11049,10225,10308.2,11227.92
1712,221,13,"No","Yes","No","Sunday","No","Yes",396.34,1509.54,3,11727,10236,10411.34,11524.54
1075,210,8,"Yes","No","Yes","Wednesday","No","No",265.075,1154.29,2,11090,10225,10280.075,11169.29
1761,200,10,"Yes","Yes","Yes","Sunday","No","Yes",433.045,1606.93,3,11776,10215,10448.045,11621.93
800,208,9,"No","Yes","No","Thursday","No","No",284.2,1168.44,1,10815,10223,10299.2,11183.44
